[ID],INSTITUTION,MEDSCHL,City,STATE,INSTTYPE, Tot Res Exp , Ind Res Exp , Fed Res Exp , Gross Lic Inc , Leg Fees , Lic Inc Equ , Lic Inc Other , Lic Inc Pd Oth , Lic Inc Run Roy , Reimb Leg Fee , Iss US Pat , Tot Pat App Fld , Util Pat App Fld , New Pat App Fld , For. Pat App Fld , New Prod , Act Lic , Cum Op St-Ups , Excl Lic/Opt. , Inv Dis Rec , Lic $1mm+ , Lic Gen Inc , Lic Gen Run Roy , Lic Iss , Lic w Equ , NEWCOMPSUPP , Non-Excl Lic/Opt , Opt Iss , Pro Pat App Fld , St-Ups Cld , St-Ups Formed , St-Ups in Home St , St-Ups w Equ , Tot Discl Lic , Tot Lic Lg Co , Tot Lic Sm Co , Tot Lic St-Ups , Tot Lic/Opt Exe , Lic FTEs , Oth FTEs , AirQualityIndex , Airports , Bike Score , Crime Rate , Transit Score , Median Age , Total Population , Female Population , Male Population , Foreign-born , Number of Veterans ,WalkScore
71137,Albert Einstein College of Medicine,Yes,New York,NY,5U,180261448,3313555,176947893,4159494,   , -   ,3988741,96115,170753,   ,15.7,72.7,0.2,31.5, -   ,2,99,12.5,3.7,59.7,1,53,25.7,15.8,1.2, -   ,12.2,2,31.3, -   ,2.4,0.5,1.4,40.4,8.2,6.8,2.8,17.8,3,3,45,3,69,28.3,89,36,8550405,4468707,4081698,3212500,156961,100
71180,Arizona State University,No,Tempe,AZ,5U,458412000,14312000,196528000,1436333,3317116,1273,1392041,28088,43019,1133341,42,238,0.5,142,0.8,3,171.4,38.8,22.6,238,0.4,34.8,6.8,42.4,9.8,32,19.8,40,135,3.8,10.8,9.6,9.8,154.6,32.2,39.2,10.8,82.4,9.5,5,55,1,75,44.7,45,28.8,175826,84476,91350,26620,7058,54
71194,Auburn University,No,Auburn,NY,5U,135899000,6165000,48352000,1170753,478112, -   ,905401,4380,265352,188044,18.2,94.2,10.8,67.3,0.3,1.6,77.5,16.3,8.2,72, -   ,35.5,15.8,12.2,1.5,2.4,4,6.3,61.2,0.5,1.3,0.8,0.8,24.2,4.3,11.8,2.3,18.5,4,4,35,1,38,24.8,,,,,,,,52
71212,Baylor University,No,Waco,TX,5U,12343000,918000,3704000, -   ,   , -   , -   , -   , -   ,   ,,,,,,1,3,1,1,8, -   , -   , -   ,1,1,1, -   , -   ,, -   , -   , -   ,,2, -   , -   ,1,1,0.5, -   ,44,1,39,51.6,,29.3,132342,68890,63452,14235,10716,35
71228,Beth Israel Deaconess Medical Center,No,Boston,MA,4HRI,213804000,17731000,147069000,3143191,1986359,114900,1164626,6602,1863665,1155379,18.2,90.3,1.8,38.7, -   ,2.2,182.2,20.8,4.8,92.3,0.7,63.3,32.8,16.3,0.7, -   ,11.5,9.5,36.8,3.5,4,3.2,0.5,20.7,11.5,10,4.3,25.8,4,4,35,3,69,42.4,72,31.8,669469,347320,322149,190123,18350,
71267,Bowling Green State University,No,Bowling Green,OH,5U,8021973,21436,6164348,2290,142028, -   ,1765, -   ,525,4000,4,12,4.5,9.5,1,1,3,3,1,5.5, -   ,2,1,1,1,0.5, -   , -   ,4,1,0.5,0.5,0.5,1, -   , -   ,1,1,1, -   ,43,1,54,29.6,,36.1,279778,144323,135455,9257,15286,43
71271,Brigham & Women's Hospital Inc.,No,Boston,MA,4HRI,658309177,   ,373494520,11808362,3304063,3744208,2721656,2020861,5342498,2074511,29,209.7,14,127,13.8,5,254.6,24.7,12.5,179,2.4,144.6,48,43,1.6, -   ,30.5,14.2,100.6,1.3,5.4,3.8,1.5,19.2,25,24,8,57.2,15,20,35,3,69,42.4,72,31.8,669469,347320,322149,190123,18350,
71318,Carnegie Mellon University,No,Pittsburgh,PA,5U,243695000,25138000,192836000,6319501,1575311,51615,4977028,18588,1290858,612110,29,160.8,3,86.7, -   ,6.3,473.7,99,10.7,232.3,1.5,63.8,36,70.3,8.5,19.5,59.7,2,83.7,2.5,10.5,9.2,8.5,55.7,37.8,24,10.5,72.3,6.5,4,41,1,55,37.8,55,32.9,304385,154695,149690,28187,17728,62
71321,Case Western Reserve University,Yes,Cleveland,OH,5U,318108000,10782000,225015000,1159577,2299463,   ,   ,61199,   ,1177239,38.8,191.5,10.2,86.7,0.8,,286.2,30,10,215.3,1,52.6,,28.2,4.5, -   ,18.2,10.3,75.7,2,4.3,3.5,3.7,67.3,15.7,13,9.8,38.5,4.6,7,45,1,52,72.3,44,36,388059,201623,186436,18830,19849,
71326,Cedars-Sinai Medical Center,No,Los Angeles,CA,4HRI,119905914,19907595,56504086,11027000,3038000,20000,250000, -   ,10757000,431710,15.5,91.8,4.7,46, -   ,0.2,44,5.7,4.2,53.8,3.8,28.8,23,6.8,1.7,0.5,2.7,1,49.3,0.2,1,0.5,1,19.2,0.8,5,2,7.8,4,7,73,3,59,30.5,53,35,3971896,2012898,1958998,1485425,85417,96
71361,Children's Hospital Cincinnati,No,Cincinnati,OH,4HRI,364020251,25016251,122716310,1332074,1236698, -   ,165694,137610,1166380,552306,10.9,67.4,0.7,34.3,0.1,0.3,152.7,9,5.9,177.4,0.4,48.6,34.1,18,0.9,0.1,12.1,4.9,33.4, -   ,1.2,0.8,0.8,31.7,12.1,7.7,2.6,22.9,6,13,44,1,36,55,44,32.7,298537,154883,143654,16896,13699,49
71367,Cleveland Clinic,Yes,Cleveland,OH,4HRI,251000000,61000000,104000000,27448180,3042547,16401949,5943231,204092,5103000,419382,48,146.5,39.8,153,35.7,1.3,252,43.2,16.8,229.7,2.7,86.3,47.3,29.2,2,0.2,12.3,3.5,77.5,6,5.5,3.7,5.5,38.8,16.7,11.7,4.3,32.7,31.2,22.1,45,1,52,72.3,44,36,388059,201623,186436,18830,19849,
71372,Cold Spring Harbor Laboratory,No,Cold Spring Harbor,NY,4HRI,99066560,3927113,49063021,6391168,578764, -   ,5831863,302932,559305, -   ,4.5,18.5,0.5,13, -   ,,196,11,5,10,0.5,80.5,52.5,17.5,3.5, -   ,12.5,2.5,12.5,0.5,3.5,3.5,2.5,27.5,8.5,6,5.5,20,3.5,2,45,3,17,7.8,,,,,,,,52
71385,Cornell University,Yes,Ithaca,NY,5U,817533145,40671859,440806031,8420247,7289810,9456,3668595,434727,4742196,3609426,86.3,314.5,4.2,164,1.8,18.5,860.5,63.5,24,361.8,1.3,363.2,167,117,7.3, -   ,93,7,158,5.2,10.5,6.7,6.3,112.5,10.5,100.5,13,124,9,18,39,1,58,25.3,,,,,,,,72
71402,Dana-Farber Cancer Institution,No,Boston,MA,4HRI,256363626,61103487,157218710,8075777,4565855,656477,2198420,705403,5220880,182144,26.8,104.4,1.6,114.8,41.6,2,406,18.8,6.3,107.3,1.2,165.8,126.3,33.8,1.7, -   ,26.8,4.5,55.2,0.6,2.6,1.4,1.4,27.8,16.3,21.5,2.2,38.3,13,7,35,3,69,42.4,72,31.8,669469,347320,322149,190123,18350,
71405,Dartmouth College,Yes,Hanover,NH,5U,184878749,12877453,162130052,1003025,1171315,15239,781037,15874,206749,169750,24.7,110.2,0.5,41, -   , -   ,116.3,15.7,3.3,64,0.7,73.7,53.7,6.2,0.7,6.2,2.8,0.8,40.5,0.2,1.3,1,0.8,8.3,1.2,4.3,1.5,7,1.2,3.2,29,3,80,9.8,,,,,,,,
71435,Duke University,Yes,Durham,NC,5U,898699000,240640000,559217000,36765244,4543831,1124142,8347011,604183,27294091,1538138,52.3,273.3,2.5,129.3, -   ,28.2,871.2,61.5,38.2,215.2,3.7,251,96.7,118.3,13, -   ,80.2,7.2,126.8,1.5,6.3,3.8,4.5,140.2,73.7,35.2,16.7,125.5,9.2,14.8,37,1,38,51.9,28,33.2,257598,136445,121153,38642,12528,30
71441,East Carolina University,Yes,Greenville,NC,5U,26549000,1733000,15079000,154818,224256, -   ,81245, -   ,73573,8501,4,11,0.3,4.3,0.7,1,16.7,3.8,1.8,11.5, -   ,6.5,4.8,2.7,0.3, -   ,0.8,0.2,3.3,0.3,0.7,0.5,0.7,2.8,0.8,1.2,0.8,2.8,1,2,36,1,43,47,,26.2,90588,50691,39897,4183,4283,31
71464,Embry-Riddle Aeronautical University,No,Daytona Beach,FL,5U,13877426,116160,11455846, -   ,156600, -   , -   , -   , -   , -   , -   ,9, -   ,3, -   , -   , -   , -   , -   ,7, -   , -   , -   , -   , -   , -   , -   , -   ,3, -   , -   , -   , -   , -   , -   , -   , -   , -   ,1, -   ,30,1,51,69.8,31,,,,,,,37
71465,Emory University,Yes,Atlanta,GA,5U,478333305,41953278,332217396,7948859,2343657, -   ,2666797,192931,5282062,952215,23.7,170,1.7,87.3,5.8,10.5,274.7,29.5,11.7,227.3,1.8,110.5,68,39.7,2.5, -   ,28,3.7,79.8,0.7,4.5,2.5,2.2,44.2,17,22,4.3,43.3,   ,   ,40,3,42,60.5,44,33.8,463875,239915,223960,32016,18572,
71496,Florida Atlantic University,No,Boca Raton,FL,5U,41605782,837815,25775806,145476,206570, -   ,49250,7500,96226,31740,4,14,7,15,1,,10,2,3,25, -   ,4,1,5, -   , -   ,2,1,7, -   ,1, -   , -   ,7,2,1,3,6,2,1,31,3,56,29.6,,47.3,93226,48466,44760,21117,4367,38
71501,Florida State University,Yes,Tallahassee,FL,5U,221119645,1703997,152654975,497282,1200000,   ,   ,   ,   ,   ,32.2,93.5,7.2,52.7,2.2,3.2,82.8,21.4,6.4,63,0.4,21,18.6,8.3, -   ,2.7,1.8,5,43.3,0.2,3.5,3.6, -   ,20,3,5.5,4.8,13.3,5,2.5,26,1,45,59.9,30,26.2,189894,100504,89390,16720,9575,30
71510,Fred Hutchinson Cancer Research Center,No,Seattle,WA,4HRI,337864102,13649638,187132418,18056932,1956045,6245638,699332,   ,11111962,1321623,6.3,45.5,0.3,20.2, -   ,6,196,3.7,2.6,41,1.8,143.4,110,13.2,0.5, -   ,10.6,1.5,20,0.3,1.5,1.3,1.5,16,6,7.8,2,14.4,3,4,40,1,71,48,60,35.5,684443,338784,345659,119840,29364,
71543,George Mason University,No,Fairfax,VA,5U,96771020,1004006,82317928,119361,376554, -   ,88470,6873,30891,38354,25,71,13.3,46.7,2.7,2.5,19,10,3,45, -   ,8,3.7,4,1.3,387,1,0.3,30.7, -   ,2,1,1,8,1,0.7,2.7,4.3,1,4,39,3,55,18,38,36,71782,37033,34749,27797,3779,54
71580,H. Lee Moffitt Cancer Center & Research Institution,No,Tampa,FL,4HRI,133090672,4665706,28880689,13903344,764070, -   ,13900750,128,2594,62239,8.1,50, -   ,33.4, -   ,6,59.1,7,5.4,43.6,0.4,40.9,18.4,10.3,2.7, -   ,4.9,9.6,33.4,1.3,2.4,1.7,1.4,23.7,5.9,5.3,8.7,19.9,2,10,33,1,55,48.4,31,35.3,369028,193511,175517,58795,20636,50
71588,Harvard University,Yes,Cambridge,MA,5U,795700000,48800000,577500000,16086297,14506042,2747663,7571439,1538498,5767195,9108393,75.7,476.3,3.5,217.8,2.2,5,608.5,63,20,389.3,1.7,277.5,128.8,51.2,8, -   ,31.2,27.3,212.2,6,10,5.7,6.7,117,37.5,29,10.3,78.5,11.3,29.9,35,3,96,31.5,70,31.5,110402,54981,55421,27757,2495,90
71648,University of Louisville,Yes,Louisville,KY,5U,179498440,4998630,68068586,1513590,1178585,1346714,140500, -   ,26376,318301,17.2,92.8,1.3,34, -   , -   ,141.5,,8,97.8,0.7,27,12,8,2, -   ,1.3,9.4,32.8,,,,,35.3,2,11.5,7,17.4,3,5.5,46,1,79,64.3,56,37.5,615389,316938,298451,37875,39364,34
71681,Iowa State University,No,Ames,IA,5U,351970275,16611420,159452037,3216722,955041, -   ,19800, -   ,3196922,377933,26.3,73.5,11.3,44,1,9.3,350,27.7,6.5,110,1,172,157.5,63.3,0.2,61.2,56.8,7.3,31.7,3.7,1.8,1.7,0.2,45.5,12.2,56.7,1.8,70.7,6.9,7.3,39,1,69,15.8,,23,65052,31238,33814,8606,2265,42
71711,Johns Hopkins University,Yes,Baltimore,MD,5U,1549936035,69139900,1256238912,17928606,8730513,307743,13135199,3236323,4485664,3835846,80.7,590.8,67,374.7,0.7,40.3,642.8,88.4,26.7,433.7,1.3,345.3,120.5,117.2,6.7,17,90.5,17.3,307,1.6,11.2,9,6.2,215.3,51.3,70.7,12.5,134.5,18.4,37.2,43,1,53,73.1,53,34.7,621849,327822,294027,49857,29540,
71717,Kansas State University Research Foundation,No,Manhattan,KS,5U,188721000,4676000,69918000,3203223,402507, -   ,1783697,1913,1419526,215350,7.8,41.2,0.2,21.3, -   ,3,59.2,6.5,5.3,42,0.2,42.8,28.7,8.5,0.5,6,3.2,2.3,21.2,0.8,1,0.5,0.3,13,2.3,7.3,1.2,10.8,4,2,44,1,54,36.2,,27.4,93916,48324,45592,8701,2986,39
71788,The General Hospital dba Massachusetts General Hospital,No,Boston,MA,4HRI,800906919,61198128,377233128,79690687,8976753,   ,   ,5061903,   ,5139067,82.2,470.8,23,266.7,23,5,604.6,77,30.7,324.7,10.6,232,92.2,95.5,3.4, -   ,64.8,26.8,214.3,0.3,8.6,4.3,2,32.6,64.5,46,9.7,122.3,16,21,35,3,69,42.4,72,31.8,669469,347320,322149,190123,18350,
71789,Massachusetts Institute of Technology (MIT),No,Cambridge,MA,5U,1633891000,119240000,1396980000,34770000,20380000,840000,3000000,3810000,30930000,10970000,245.5,799.5,135.8,506, -   ,,989.7, -   ,26.7,670.7,11,354.8,115.2,77.5,5.7, -   ,50.8,32.7,369.2,0.5,20,14,3.7,263.8,43.3,37.2,29.7,110.2,23,21,35,3,96,31.5,70,31.5,110402,54981,55421,27757,2495,90
71822,Medical College of Wisconsin Research Foundation,Yes,Milwaukee,WI,5U,138730287,9964451,107495294,1178819,525471,673333,453930,295108,51556,460279,5.8,21, -   ,10.7,0.2,3,54.5,13.7,3.5,39.3, -   ,25.2,18.8,4.5,0.8, -   ,1,1,10.3,0.2,1.8,1,0.8,8.5,2.2,1.2,2.2,5.5,3,1.2,42,1,58,63.5,49,31.6,600154,313839,286315,58321,20615,
71846,Michigan State University,Yes,East Lansing,MI,5U,558248000,9199000,272838000,8579211,1963832,82236,843917,360122,7653058,795078,39.8,106.8,2.3,47.2,0.3,5.2,359.3,12.2,9.7,125.8,0.5,154.2,92.8,34.7,0.7,28,25,10,43.7,1,1,0.8,0.7,65.3,8.2,32.8,3.7,44.7,9,10,41,1,80,24.2,,31.4,114110,59777,54333,8371,5327,54
71847,Michigan Technological University,No,Houghton,MI,5U,69606717,9050734,28692083,237061,46406, -   ,237061, -   , -   ,51152,4.8,13.8,2,10.5,1.3,2.3,38.2,20.2,1.3,45, -   ,23.8,3.6,10,0.2,30.5,8.7,3.2,7.2,0.2,2,1.2,0.3,11.7,8,2.7,2.5,13.2,3,1.3,28,1,51,13.2,,,,,,,,
71869,Mississippi State University,No,Starkville,MS,5U,226359000,10854000,80097000,230248,149314, -   ,52976,5050,177272,18785,6.7,30.3,0.7,14.2, -   ,1.5,55.5,19.8,5,37.3, -   ,24,13,7.2,1.3,31.5,2.2,3.7,13.3,0.8,2.2,2,2.8,15.5,0.8,7.5,2.5,10.8,2,2,36,1,33,34.8,,,,,,,,29
71881,Montana State University,No,Bozeman,MT,5U,106878735,9822577,77069796,355325,290292, -   ,13650, -   ,341675,143967,5.7,28.3, -   ,17,0.2,2,220.5,21.7,12,20.5, -   ,53.5,36.2,21.8, -   , -   ,9.8,27.7,16.3,0.3,0.8,0.8, -   ,28.2,14.2,22.3,13,49.5,3,1.3,39,1,62,32.3,21,,,,,,,47
71940,New York University,Yes,New York,NY,5U,479080000,22825000,344570000,209104728,6082679, -   ,2360835,214133,206743893,1240642,68,182.8,3,94.3,0.2,1.5,391.7,58.5,17,165.2,3,69.3,27.3,41,8, -   ,24,3.8,90.5,1.8,8.8,4,7.3,61.2,20.8,12.7,11.3,44.8,8,8,45,3,69,28.3,89,36,8550405,4468707,4081698,3212500,156961,100
71954,North Carolina State University,No,Raleigh,NC,5U,468293000,52836000,199862000,7601068,1936198, -   ,2362469,28477,5238599,2119117,38,103.5,10.3,65.2,8.5,11.6,596.3,53.2,19.3,225,1.2,157.8,114,68.5,3.7,4.7,49.2,33.8,43,5.7,7,6.5,2.8,119.3,43.5,47.3,11.5,102.3,8,13.5,38,1,39,35.4,29,32.8,451949,232765,219184,65125,16747,31
71959,Northern Arizona University,No,Flagstaff,AZ,5U,35206000,623000,20285000,69365,81864, -   ,62982, -   ,6383,5542,1.8,9.8,0.4,4.8,0.4,0.3,6.5,1.8,0.5,17.8, -   ,1.8,0.7,0.5, -   , -   , -   ,0.3,4,0.3,0.3,0.2, -   ,0.8, -   ,0.3,0.5,0.8,0.3,   ,34,1,65,41.3,39,23.9,70317,37093,33224,4262,3667,39
71963,Northwestern University,Yes,Evanston,IL,5U,507346430,34424176,400287639,62278647,3003295,3145000,1984766,29869529,57148881,1127917,74.8,217.7,27,190.2,0.5,3.8,235.3,33.2,12.3,193.5,1.2,103.7,61,30.5,3.3, -   ,18.2,9.7,123.5,1.2,9.2,8,3.5,75.2,10.2,15.2,14.2,40.2,10,14,45,3,89,24.4,51,36.8,75523,41377,34146,15003,2058,76
71985,Ohio State University,Yes,Columbus,OH,5U,961996935,119271999,467746116,2459946,3244726,76892,1211257,274884,1171797,617569,44.2,169.3,6.7,151.8,26,2.6,196.5,35,25.8,285.8, -   ,73.7,23,38.8,5.5, -   ,13,12.8,105.5,4.3,9,6.7,8.8,61.2,19,23.2,9.5,51.7,12,20.5,43,1,48,47.4,30,32.5,849067,435086,413981,101129,40238,
71986,Ohio University,Yes,Athens,OH,5U,61078000,6118000,17303000,10593162,796249, -   ,125000,8875,10468162,431565,10.8,29.8,11,54.8,25,0.7,16.7,5.5,1.3,28.8,1,4.7,3.7,1.3,0.3,78, -   ,1,18.8,0.8,1.5,1.5,0.5,3.3,0.7,0.7,0.7,2,2,3,41,1,63,33.4,,,,,,,,56
72002,Oregon Health & Science University,Yes,Portland,OR,5U,329855530,42504058,265595093,1552033,892150, -   ,1159684,38684,392349,697568,21,80.3,2.5,36.3,1.5,2,366.8,34.3,12.8,120.8, -   ,173.2,36.6,57.5,3.3,0.4,44.7,7.8,32.3,1.8,3,2.5,1,45.8,11.2,50,4.2,65.3,4.9,17.4,42,1,83,57.7,49,36.7,632187,318671,313516,86041,29940,
72003,Oregon State University,No,Corvallis,OR,5U,245317000,9792000,153017000,9263191,1055409, -   ,32376,709691,9230815,589576,14.8,51.8,2.3,25.7,0.3,8,281.5,24.8,9.2,69,1,182,113.3,69,2.5,6.2,59.8,6.2,21.7,1.2,3,3.2,2.5,40.2,5.7,64.2,5.3,75.2,5,4,40,1,85,27.4,29,35.4,164543,83704,80839,19668,9685,47
72010,Utah State University,No,Logan,UT,5U,175353000,4404000,120369000,1161046,238686, -   ,72839, -   ,1088207, -   ,15.5,59,3.2,25.8, -   ,1.4,14,37.4,5.5,77, -   ,7.8,23.4,15.3,2.7, -   ,9.8, -   ,25.3,0.3,4.2,4.2,2.4,9.6,2.8,10.3,2.6,15.3,2,2,41,1,51,22.4,,,,,,,,40
72031,Pennsylvania State University,Yes,State College,PA,5U,801348000,79128000,510057000,1957775,1814408, -   ,1352822,90757,604953,1236574,43.7,145,30.8,104.7, -   ,3.4,169.5,52.2,12.3,138.2,0.3,85,46,22.2,4.2,5.7,9.8,5.2,70.8,2.5,7,5.3,2.2,36.8,9.3,7.7,10.3,27.3,5.5,7.5,39,1,78,24.3,41,,,,,,,68
72060,Portland State University,No,Portland,OR,5U,62531665,669615,40320367,610987,203657, -   ,586232, -   ,24755,83526,4.8,16.2,2,11.2,2.3,1.2,48.5,5.7,2.3,19.2, -   ,31.8,1.7,24.7,0.8,0.5,22.3,1.5,7.5,0.4,1,1.2,0.6,12.7,4,20.5,1.7,26.2,2,2,42,1,83,57.7,49,36.7,632187,318671,313516,86041,29940,
72068,Princeton University,No,Princeton,NJ,5U,194185000,8641545,158721707,142231000,1452741, -   ,666000,1617106,141565000,962741,30.4,157.2,38.2,138.6,5.6,1,31.8,15.5,4.4,104,2,39.8,14.4,9.4,0.2,3,5,5,107.6,0.2,2.6,0.6,0.4,26,2.4,7.6,4.4,14.4,3,3,47,3,88,11.1,,33.3,84231,41650,42581,20428,2604,
72075,Purdue Research Foundation,No,West Lafayette,IN,5U,576435000,42498000,224196000,6377899,   ,1329133,1737168,   ,3311598,   ,75.2,397.7,4.8,164.3, -   ,3.7,405.8,71.2,30.3,299.3,1,168.3,91.2,76,1.2,26,45.7,20.3,153.8,4.7,13.3,10.7,1.2,157.7,27.8,46.3,7.8,96.3,6,10,42,1,63,18.2,44,33.5,71170,36857,34313,5697,5045,51
72104,Rice University,No,Houston,TX,5U,121502799,11031346,76825165,2512799,2617567, -   ,2507810,3665,4989,1132355,52,119.8,11,104.2,20.3,1.5,56,19.3,7,104.3,0.3,18.3,6.7,9.3,2, -   ,2.3,3,72.8,2,2.5,2,1,32.5,3.2,3.8,5.3,12.3,6,7,44,3,49,58,36,32.6,2298628,1148942,1149686,696210,71898,
72134,Salk Institution for Biological Studies,No,San Diego,CA,4HRI,99178000,4625500,44538760,8443889,664829, -   ,8066491,135783,377398,438015,10.3,55,3.8,40.8,4.5,1,191.3,11.8,2.3,41,0.2,100.2,46.3,16.8,0.7, -   ,14.5,2.2,24.3, -   ,1.7,0.8,0.7,10.5,8.3,8.5,2.2,19,2.3,6.8,60,1,43,26.9,37,34.5,1394907,701081,693826,373842,92489,99
72140,San Diego State University,No,San Diego,CA,5U,56630400,316864,46870141,584536,182086,   ,   ,   ,   ,44777,2.8,24.6,3,24.7,3.7,5,100.3,22.3,6.8,35.7, -   ,37.5,37.5,8.5,1.7,1.3,2,2.5,21,0.8,2.2,2.4,2.5,12.8,1.5,5.8,3.8,11,2,1.3,60,1,43,26.9,37,34.5,1394907,701081,693826,373842,92489,99
72222,Stanford University,Yes,Stanford,CA,5U,946378322,88135818,692367999,95110075,9580062,3183799,13222508,728689,78703768,3777870,199.8,597.5,13.3,299.7,5.5,21.5,1551.8,,33,490.2,5.2,630.8,158.8,92.7,15.7, -   ,59.7,22.5,269.3,,20,18.3,16.7,77,13,27,5,115.2,22,20,52,3,78,11.9,40,33.5,80438,37945,42493,31857,1376,
72299,Thomas Jefferson University,Yes,Philadelphia,PA,5U,74863271,9306428,56436686,1060000,360000, -   ,100000,8500,960000,19000,8.4,31.6,2.8,23.8,5.2, -   ,45.8,10.8,3.8,57.2, -   ,47,23.4,9.4,1.2,1,5.6,2.2,15.8, -   ,1.4,1,0.8,12.8,5.4,3.6,2.6,11.6,3,2,42,3,67,57.6,67,34.1,1567442,826172,741270,205339,61995,
72320,Tulane University,Yes,New Orleans,LA,5U,122042024,15079509,93412191,2172377,   , -   ,68750, -   ,2103627,   ,5.7,46.5,0.7,26.7, -   ,0.7,47.8,9.5,2.5,47,1.2,17.5,10.8,4.7,0.8, -   ,2.2,2.3,26, -   ,2.8,1.8,1.2,8.7,1.2,2,3.8,7,2,2,41,1,66,75.8,44,35.9,389617,203881,185736,21679,17388,96
72341,The UAB Research Foundation,Yes,Birmingham,AL,5U,516229000,48540000,328531000,3596587,1669247, -   ,1607606,709012,1988981,415688,15,80.5, -   ,35.5,3.3,1.2,215,30.7,5.2,91.3,1,135.8,86.3,24,2.2,1.5,18.8,1.2,35.5,0.2,2.3,1.8,1.7,31.5,13.2,9.5,2.5,25.2,5.4,4,38,1,31,78.4,21,35.6,214911,112789,102122,8258,13212,33
72342,University of Alabama in Huntsville,No,Huntsville,AL,5U,76633195,16603747,50619988,1028941,99876, -   ,1000000, -   ,28941,15189,3.3,11.5,2.3,8.3,0.2,1,9.2,11.2,1.2,21.8,1,6.7,6.2,1.8,1,0.2,0.7,0.7,5.8,1.7,2.8,2.8,2.7,5.8,0.3,0.5,1.7,2.5,1,1,39,1,40,33.7,11,38.1,189114,97350,91764,12691,16637,24
72345,University of Arizona,Yes,Tucson,AZ,5U,606219000,15558000,269959000,3895882,1692140, -   ,3152053,39216,743829,778984,23.2,153.3,4.7,79.3,0.5,3.2,315.2,61.8,15.3,161.2,0.2,85.7,48.8,47.2,2.2, -   ,31.8,18.5,74.2,2.6,7.5,6,2.6,64.3,25.7,24.3,15.7,65.7,8.3,6.5,49,1,66,54.5,35,33.6,531674,266781,264893,82220,38182,
72354,University of Central Florida,Yes,Orlando,FL,5U,215519000,8175000,88814000,1582117,1684908, -   ,522871,19800,1059246,160097,70.8,143.6,31.7,107.8,17.5,1,60.7,18,8.8,108.5, -   ,25.7,10.5,13.3,3, -   ,4.5,5.3,58.7,0.3,6.3,4.3,2.2,33.2,3.5,8.8,6.3,18.7,5,8,32,1,57,57.7,33,33.1,270917,139977,130940,50558,12782,41
72356,University of Cincinnati,Yes,Cincinnati,OH,5U,199951378,22309582,95731701,384998,532317, -   ,378248,25390,6750,124875,16.5,85.3,0.5,43.2,0.2,1,192.2,22.5,9.8,106.2, -   ,38.2,16.7,19.7,1.2, -   ,9.8,4.2,42.5,2.3,3.7,2.2,0.2,27.8,6.3,13.8,3.7,23.8,2.6,2.8,44,1,36,55,44,32.7,298537,154883,143654,16896,13699,49
72357,University of Colorado,Yes,Boulder,CO,5U,775055566,52831797,570365660,6311884,1519558,23304,1795130,61296,4493450,815047,41.5,226.8,101,306.5,108.7,7.3,237.3,100.7,21,233.7,0.8,141.8,67.5,36.5,9.7,10,15.5,16.7,117.7,4.7,10,8.2,4.8,65.3,11,20.2,22,53.2,11.5,10.6,37,1,86,25,47,29,107342,51000,56342,12993,4061,56
72358,University of Connecticut,Yes,Storrs,CT,5U,172065000,10073000,137980000,944520,983503, -   ,521010,12874,423510,175199,26.2,81.8,3.5,40.3, -   ,0.8,89.8,26.7,6.8,77, -   ,49,20.5,9.7,3.3,20.2,2.8,4.3,36.7,1.2,4.4,3.5,3.4,22.5,3.5,5.8,4.7,14,5.5,3,36,1,45,10.5,,,,,,,,
72361,University of Delaware,No,Newark,DE,5U,137402359,8951614,93690993,118108,552598, -   ,24720, -   ,93388,165560,13.8,61.8,8,66.8,5.3,1,38.7,5.7,3.2,49.8, -   ,17,15.7,5.8,1, -   ,2.7,0.2,53.3,3,2.2,1,1.3,9.8,0.7,3.3,2,6,3,2,42,3,61,58.5,27,,,,,,,42
72371,University of Hawaii,Yes,Honolulu,HI,5U,400510000,76096900,280357000,265974,235022, -   ,164620, -   ,101354,17737,6.2,59.5,0.6,48.6,0.2,1.5,54,8.3,4.4,46, -   ,18.7,10,4.2,0.8, -   ,0.3,1.2,47,1,2,2,0.7,6.7,0.8,3,1.5,5.3,5,0.5,20,1,51,25.5,56,,,,,,,66
72372,University of Houston,No,Houston,TX,5U,150628000,9604000,58458000,21986096,2097098, -   ,165257,8752,21820839,10067,20,76.8, -   ,53.2,10.5,0.6,53.3,17.3,4,57,2,18.8,12.3,5.5,1.2,0.2,1.5,1,42.7,0.5,3.3,3,1.7,10,0.8,3.5,2.2,6.5,6,2,44,3,49,58,36,32.6,2298628,1148942,1149686,696210,71898,
72373,University of Idaho,No,Moscow,ID,5U,97492825,2068669,56544247,418460,291520, -   , -   ,270292,418460,123709,5.8,16.7,6.5,16.7,3.2,0.2,42.3,2.8,3.8,21.2, -   ,20,11.2,7.5,0.2, -   ,3.7,1.2,7,0.2,0.7,0.3,0.3,9.7,1,7,0.7,8.7,2,1,36,1,58,24.1,,,,,,,,48
72379,University of Kentucky Research Foundation,Yes,Lexington,KY,5U,265722936,12991634,215931915,1047630,1295502, -   , -   , -   ,1047630,174155,29,18.5,18.5,18.5, -   , -   ,121,72.7,6.8,66.7,0.3,22.3,26.5,7.8, -   , -   ,1,0.3, -   ,1.5,5.2,4.5, -   ,8.8,2,1,5.2,8.2,2,1,46,1,46,37.9,27,34.4,314488,160456,154032,28613,16661,87
72389,University of Michigan,Yes,Ann Arbor,MI,5U,1299244971,91388631,734623556,78779947,6971334,45896,71288641,1168588,7445410,4136537,114.8,330.2,18.7,156.8,1.2,7.5,400,119.8,33,372.5,3.3,290.3,196.5,98.7,8.3, -   ,65.7,24.8,137,0.5,12.3,8.8,7.7,162.7,34.3,61.7,27.5,123.5,11,19,41,1,71,27.9,49,28.1,117070,58281,58789,20717,3614,98
72390,University of Minnesota,Yes,Minneapolis,MN,5U,910195000,26155000,486400000,18526963,4239806, -   ,2387670,1852227,16139293,1710889,54.2,202.3,6.5,119.7,1.2,11,752.3,45.6,39.5,309,2.3,391,264.8,124,7.2, -   ,84.5,5,111.5,2.6,12.3,9.2,7.2,163.7,66,50.7,12.3,129,19,13,41,1,83,54.2,55,32.4,410935,204388,206547,70769,15217,
72399,University of New Hampshire,No,Durham,NH,5U,104471295,9462144,64148186,732714,225563, -   ,572108, -   ,160606,81371,4.3,8.8,2,9.2,2,5.6,155.8,5.6,4.3,37.5, -   ,59.3,35.6,38.7,0.3,1.5,15.4,0.7,3.2, -   ,0.8,0.8,0.4,16,29,15.6,0.8,39.3,3,4,30,3,59,12.5,,,,,,,,
72401,University of North Carolina Chapel Hill,Yes,Chapel Hill,NC,5U,732305668,29368257,593890145,2951592,3373817, -   ,2542494,71182,409098,2603353,33.3,150.3,2,73, -   ,3.2,577.5,62.3,32.7,142.8,0.5,92.7,46,48.3,19.7, -   ,15.7,3.7,71,1.5,9,7.3,6.2,49.8,12.2,15.2,24.7,52,8,8,37,1,50,22.8,37,33.2,257598,136445,121153,38642,12528,74
72404,University of North Texas Health Science Center,Yes,Fort Worth,TX,5U,39235790,2376447,21295812,6983,55746, -   , -   , -   ,6983,13444,2.2,9.8, -   ,5.3, -   ,0.3,28.2, -   ,1,21.2, -   ,15.5,11,2.5,0.2,0.3,1.5,1.5,5.3,0.2,0.5,0.3, -   ,3.5,1.2,1.8,1,4,1.3,1,45,3,39,46.3,22,32.6,836969,422843,414126,143404,39182,86
72406,University of Northern Iowa,No,Cedar Falls,IA,5U,38900000,1075000,14000000,   ,32200,   ,   , -   ,   , -   ,1.5,3.5,1,2.8,0.3,1.8,9,1.5,2.3,10.5, -   ,5.5,7.5,2.3, -   ,250, -   ,0.5,1.8,0.5,1,1, -   ,5.8,1.5,1,0.3,2.8,0.5,0.3,40,1,56,18.3,20,37.2,68457,33969,34488,5082,4800,38
72407,University of Notre Dame,No,South Bend,IN,5U,190954170,4796232,83709500,586427,760636, -   ,239172,698,347255,216564,14.2,82.7,3.5,51.3,0.2,1.5,35.7,9.5,5.3,60.2, -   ,13.5,4,8.2,2,6.7,2.8,2.2,47.7,0.2,2.2,1.3,1.5,18.2,2.8,3,4.5,10.3,3.5,0.2,42,1,58,63.8,,32.4,103757,53274,50483,8779,3708,69
72411,University of Oregon,No,Eugene,OR,5U,73519886,476948,68103597,8037987,236382, -   ,6895690,84941,1142297,114768,6,20,1.3,13.3,1.3,5.2,142.3,19.5,2.2,35.2, -   ,46,24.8,39,1,16.7,36.8,0.5,10.7,0.2,1.5,1.3,0.8,17.7,10.7,24.7,4.2,39.5,4.3,1.8,41,1,72,46.4,32,33.4,163448,84377,79071,14503,8896,46
72416,University of Pennsylvania,Yes,Philadelphia,PA,5U,888442377,99074576,684639118,41992115,8846576,9999584,22180022,290750,9812509,4272390,82.5,273,2.3,133.3,1.3,4.6,613,54.8,24.5,388.5,3.2,216,115.3,89.2,5.3, -   ,64.7,26,129.5,8.3,14.8,14.3,14.7,163.7,31,72.7,11.5,115.2,14,42,42,3,67,57.6,67,34.1,1567442,826172,741270,205339,61995,
72424,University of Rhode Island,No,Kingston,RI,5U,   ,   ,   ,192878,252562,70136,45750, -   ,76992,11267,6,31.3,2.3,16.3, -   ,4,31.3,2,1.3,20, -   ,22,16.7,5, -   ,2,3.7,1,14,0.5, -   , -   , -   ,5,4.3,1.7, -   ,6,1,1.5,37,1,38,27.4,,39.9,81077,42712,38365,10631,4702,
72425,University of Rochester,Yes,Rochester,NY,5U,342361000,25912000,257368000,22386564,2635644,131816,976832,27158,21277916,1506355,33.8,149.7,3.2,62.3, -   ,4,134.8,32.8,8.7,138.2,2.8,60,28,19.3,2.2, -   ,10.7,5,59.2,1.7,2.7,2.2,1.2,34.5,3.3,14,7,24.3,6,8.5,40,1,60,63,41,31.4,209808,109673,100135,17735,7288,61
72428,University of South Alabama,Yes,Mobile,AL,5U,55592056,7394071,47231332,2327964,204000, -   , -   , -   ,2327964, -   ,2.3,11,4.8,11,1, -   ,8.2,2,3.8,16,1,4,1.8,3.4,0.2, -   ,0.3,0.7,8, -   ,1.2,1.2,0.2,7,0.8,2,2,3.8,2,3,36,1,34,58.1,,38,194305,103030,91275,7234,11939,32
72429,University of South Carolina,Yes,Columbia,SC,5U,208736000,9411000,90453000,243944,578054, -   ,155387, -   ,88557,90051,21.3,90,0.5,43.2,0.7,2.7,51.8,22.5,3.8,59.7,0.2,10,6.8,5.3,0.8,26.7,1.5,3.7,42,1,2.8,2.4,0.3,26.3,1,3.3,4.7,9,2.5,1.5,36,1,35,63.8, -   ,28,133393,65707,67686,6074,5708,35
72431,University of South Florida,Yes,Tampa,FL,5U,494241000,28499000,221045000,2455127,2292435,158785,2143316,   ,153026,492318,90.3,266.3,2.7,94, -   ,2.7,249.5,49.8,15.5,178.3,0.2,88,28.5,50,5, -   ,34.5,18.3,91.3,5.2,9,7.2,3,52.2,24.8,32.5,11,68.3,7,7.3,33,1,55,48.4,31,35.3,369028,193511,175517,58795,20636,50
72432,University of Southern California,Yes,Los Angeles,CA,5U,691031888,32861868,421226936,6465170,3126005,159139,857364,193376,5448667,1477412,74.5,239.2,0.7,130.8,0.5,1.5,230,53.5,16.8,224.5,1.3,52.8,23.3,27.7,10.8,6,10.8,7.2,130.3,1.2,8.8,6,7.2,68.7,9.3,11.7,13.8,34.8,8.9,12.7,73,3,59,30.5,53,35,3971896,2012898,1958998,1485425,85417,96
72438,University of Tennessee,Yes,Knoxville,TN,5U,313691401,30187918,162073930,3036281,688352,2026088,508571,35412,501622,284713,26.8,82,0.7,57.2,16.3,3.2,168.2,31.2,7.3,122.5,0.2,44.8,20.7,13.2,1.8,0.6,5.8,5.3,39.8,0.7,3.8,3.7,1.7,22.5,5.8,9.3,3.3,18.5,8,10,41,1,30,58.1,27,33.1,185312,95334,89978,10285,10897,31
72448,University of Utah,Yes,Salt Lake City,UT,5U,417249441,81348846,253437799,60038273,2188549,533408,50722533,446406,8782332,472271,69,237.5,8.3,94.5, -   ,3.8,293,162.8,53.5,213.5,2.7,105,48.3,75.8,15.8, -   ,22.3,8,86.2,9.2,17.7,14,13.5,124.2,17.3,48.8,17.7,83.8,10,31.4,43,1,74,52.8,44,32.1,192660,94296,98364,32166,6829,81
72501,Virginia Commonwealth University,Yes,Richmond,VA,5U,218925000,6924000,142447000,2570679,514882,211012,1132454,72307,1227213,335765,10.8,117.8,18,122.8,25.2, -   ,125.3,17.3,5.2,102, -   ,35.2,22.7,9.5,2.3,6.3,4.3,3,79.7,0.7,2.8,3.3,3,11.5,3.5,6.2,2.8,12.5,3,2,39,1,51,55.9,,33.6,220289,115496,104793,15741,12538,51
72502,Virginia Tech Intellectual Properties Inc.,Yes,Blacksburg,VA,5U,504282000,30292000,196096000,1968947,1135560,963,170131,261742,1797853,806601,23.7,135.5,2.8,99.5,1.5,1.7,161.3,16.3,13.5,151.7, -   ,59.2,27.8,25.7, -   ,22.3,12.2,7.3,94.3,1.8,4.3,3, -   ,129.4,18,10.7,4.3,33,3.8,4.5,38,1,65,22.5,38,,,,,,,43
72506,Wake Forest University,Yes,Winston-Salem,NC,5U,200133060,11682448,155946761,2206265,   ,   ,   ,   ,   ,   ,13.5,61.7, -   ,37.3, -   ,,,18.7,5.3,78,1.3,12,10.8,19.3,1.5,,13,2.3,36,2,4.3,2.5, -   ,12,,,5,21.5,5,6,38,1,29,55.2,,34.7,241232,128712,112520,24302,14521,22
72513,Washington University in St. Louis,Yes,St. Louis,MO,5u,612580000,125425000,487155000,29715064,2269441,   ,   ,425254,   ,964775,28.8,93.8,21.5,94.3,16.8,1.2,1802.8,26.8,8.7,138.8,0.5,237.3, -   ,46.5,1, -   ,37.8,8.5,56,1.3,3,2,1.7,37.3,,,3,55,7,11,45,1,58,76,43,35,315685,162659,153026,21802,17060,80
72514,Wayne State University,Yes,Detroit,MI,5U,213878000,18719000,109586000,695000,1106512, -   ,585256, -   ,109744,109332,15.2,62.3,0.7,28.8,0.2,0.5,82.7,18.6,2.3,61, -   ,29.2,19,4.2,1.3,0.8,1.8,2.2,28,1.4,1.8,1.5,1.2,9,1.5,2,2.8,6.3,4,6,44,1,52,78.1,36,34.8,677124,357859,319265,39861,29511,
72518,West Virginia University,Yes,Morgantown,WV,5U,97675215,17490045,50278608,27793,159350,1279,10000, -   ,16514,25280,5.4,24.2,8.8,24.2,0.2,2,31,8.6,4,39.4, -   ,6.8,6.4,5.8,0.6,2,1.8,0.8,15.2,0.8,1.2,0.8,0.2,9.8,1.4,3.4,1.8,6.6,1,3,39,1,40,42.4,,,,,,,,59
72526,Whitehead Institute for Biomedical Research,No,Cambridge,MA,4HRI,47402000,435605,12755000,6329410,1251987,1116993,871246,1347724,4341171,756326,15.8,57,14,52.6,17.8,1,101.2,13.2,4.6,29.2,1,58.4,25.8,15,1.4, -   ,10.4,3.6,20.8,0.4,2.2,1.6,1.6,26.4,7.2,5.2,6.2,18.6,5, -   ,35,3,96,31.5,70,31.5,110402,54981,55421,27757,2495,90
72548,Woods Hole Oceanographic Institution,No,Falmouth,MA,4HRI,203269655, -   ,172136096,433633,156877, -   , -   , -   ,433633, -   ,3.5,17,1,9, -   , -   ,13.5,6,2,31.5, -   ,13,13,2, -   , -   , -   , -   ,8, -   ,1,1, -   ,1, -   ,2, -   ,2,1,2.5,34,3,64,24,,38.6,94959,51166,43793,19024,4185,
72554,Wright State University,Yes,Dayton,OH,5U,54289000,1983000,26931000,28137,119372, -   ,16700, -   ,11437, -   ,2.8,9.3, -   ,5.2, -   , -   ,8.7, -   ,0.2,14.5, -   ,4,2.5,1.2, -   , -   ,1,0.5,5.2, -   , -   , -   , -   ,1.7,0.3,1.2,0.2,1.7,1,1,42,1,47,67.4,,32.8,140597,73966,66631,7381,8465,45
72579,Marquette University,No,Milwaukee,WI,5U,24816000,942000,9320000,925802,151708, -   ,925802, -   , -   ,122382,7,8,1,8,3,,23, -   ,1,12, -   ,21, -   ,1, -   ,, -   , -   ,4, -   , -   , -   , -   ,1, -   ,1, -   ,1,2, -   ,42,1,58,63.5,49,31.6,600154,313839,286315,58321,20615,
72596,University of Nevada at Reno,Yes,Reno,NV,5U,177179597,1559500,167286328,165193,268301, -   , -   , -   ,165193,40617,12.2,43.2,0.4,12.2, -   ,1.3,21.4,5,0.8,25, -   ,9.8,9.8,1.6, -   ,0.8,0.8,0.2,11.8, -   ,0.6,0.6,0.2,1.2,0.8,1, -   ,1.8,2,1,47,1,52,57.3,24,35.7,241443,119151,122292,37070,17089,40
72597,University of North Carolina Charlotte,No,Charlotte,NC,5U,34149924,4846711,26212688,37298,294137, -   ,10500, -   ,26798, -   ,10.2,58.2,15.8,60.8,3.7,0.5,52,36.8,1.8,39.2, -   ,5.5,1.7,4.5,0.8,1.5,2.7,7.3,41.2, -   ,3.7,3.3,0.7,4,9.5,1,1.3,11.8,   ,   ,39,1,31,45.8,27,34.3,827121,430475,396646,128897,36046,26
80010,Brandeis University,No,Waltham,MA,5U,62589556,13553638,49035918,2132599,811622, -   ,211929,258706,1920670,372839,7.3,31.3,3.3,17.3,2.7,1.5,42,3,1.7,40,0.7,9.3,7.7,3,0.7,1,1.3,0.7,11.3, -   ,1,1,2,10.7, -   ,2.7,1,3.7,3.5,1.5,35,3,47,20.3,32,42.3,88809,46824,41985,21692,1814,57
80498,Northern Illinois University,No,Dekalb,IL,5U,13712855,781587,9811366,92568,427039, -   ,80000, -   ,12568, -   ,3.8,6.7,2.7,7.8,2.8,0.3,3, -   ,0.5,8, -   ,2.2,2.2,0.5,0.2, -   , -   ,0.2,2.3, -   , -   , -   , -   ,0.7,0.2,0.5, -   ,0.7,1,1,44,1,61,35,,31.7,203715,101751,101964,50980,4988,38
80648,Idaho State University,No,Pocatello,ID,5U,14923721,937969,13205788, -   ,32016, -   , -   , -   , -   , -   , -   ,2,1.3,2, -   , -   ,0.3, -   , -   ,4.7, -   ,0.3,0.3,0.3, -   , -   ,0.3, -   ,0.8, -   , -   , -   , -   ,0.8, -   , -   , -   ,0.3,1,1,38,1,42,39.3,,,,,,,,37
80658,Children's Hospital of Philadelphia,No,Philadelphia,PA,4HRI,86613396,4053507,54739667,418374,1109724, -   ,104593, -   ,313781,246809,5.8,39.5,7,83.5,47,0.5,34.3,1,4.3,52.3, -   ,24,16.5,7.8,1, -   ,3.5,1,29.5, -   ,0.8,0.8,0.8,6.5,1.5,6.5,0.8,8.8,1,9,42,3,67,57.6,67,34.1,1567442,826172,741270,205339,61995,
80839,Louisiana Tech University,No,Ruston,KY,5U,23826668,708252,5776387,160289,109255, -   ,25289, -   ,135000,18761,6.8,14.2,3.7,9.6,0.3,0.3,12.8,9.7,2.3,19.7, -   ,8,3.7,2.5,0.3,0.5,0.2,1.5,5.8,0.2,1.3,1.2,0.3,4.2,1.2,1.2,1.3,4,   ,   ,37,1,28,44.8,,,,,,,,25
81039,Baylor College of Medicine,Yes,Houston,TX,5U,377877523,14780570,233447447,5992122,569018, -   ,2124778,   ,3867344,58375,8.5,53.3, -   ,35.7, -   ,5.7,689.7,35.7,18,99.5,2.5,147.8,72,42.2,1.7,2.7,24.2,4.5,50,0.6,4.6,3,1.2,58.8,11.5,30.8,4.3,46.7,6,3,44,3,49,58,36,32.6,2298628,1148942,1149686,696210,71898,
81632,The Research Foundation for The State University of New York,Yes,Albany,NY,5U,899299704,191923557,487446830,18270234,3490556,1893922,7227990,32308,9148322,1098665,68.3,243.5,9.5,139.3,1.5,3,462,76,18.3,282.8,2.8,143.8,85.8,36,3.8,22.3,17.8,15,129.3,2,9,6.5,7,67.5,14,23,14,51,17.3,10.1,41,1,55,35.4,52,32.8,98452,50825,47627,11948,3643,65
82857,University of North Florida,No,Jacksonville,FL,5U,8225385,285785,4686424,10090,12000, -   ,10090, -   , -   , -   , -   ,1,1,1, -   ,, -   , -   ,,1, -   ,2,1,, -   , -   ,,, -   , -   , -   , -   , -   ,, -   , -   , -   ,,   ,   ,29,1,41,49.8,21,35.7,868031,448828,419203,85650,75432,26
82984,University of Nebraska,Yes,Lincoln,NE,5U,416780138,19670341,167750998,6511937,1203568, -   ,4845673,181176,1666264,88543,25,138.5,40,171.3,43.3,11.3,231.8,44.3,19.5,191.5,1,100.2,75.8,39.2,3.8,1,19.7,9.7,84.7,1,7.5,6.3,3.2,81.7,9.3,30.5,9,48.8,10,12,41,1,59,30.3,24,32.3,277346,138802,138544,22958,14694,44
83462,Mayo Foundation for Medical Education and Research,Yes,Rochester,MN,4HRI,663000000,118000000,264000000,37198636,3725770,10863591,6461448,425300,19873597,901575,63.2,274.3,1.2,101.8,0.5,90.5,702.8,41.7,31.3,376.2,7.3,315.5,194.8,65.7,12.7,2,34.3,17.3,100.2,1.5,5.3,3,5,156.7,33.8,43.7,5.5,83,18.8,11.5,39,1,57,21.2,,35,112216,57282,54934,17763,6888,30
83581,Colorado State University,No,Fort Collins,CO,5U,317218632,11345172,219320565,4780882,638301, -   ,2508822,1570,2272060,205713,18.5,109.8,1.5,52.2,1.5,5,154,39.7,17.2,111.7,0.3,44.8,25.8,26.2,3.5,0.8,9,5,48.7,0.8,5.3,5.3,3,46.5,7.7,19,5.2,31.2,4,8,33,1,78,23.5,28,29.6,161181,80288,80893,9704,8425,92
84319,University of Georgia,No,Athens,GA,5U,374264000,14737000,132118000,6527556,1982632, -   ,949203,708011,5578353,494189,35.8,107.8,7.8,57, -   ,34,1166.7,49,44.8,157.3,0.2,401.2,293.2,98.3,0.3,7,53.5,61,45.2,1.5,3.7,3.2,0.3,126.3,36.5,115.8,7,159.3,7,5.5,36,1,39,39.4,,26.5,122563,65148,57415,12868,3953,27
85863,University of Florida,Yes,Gainesville,FL,5U,543580758,59917360,356125197,32972356,6492222,186280,536426,122423,32249650,3116456,90,302.3,20.2,173.5,5,11.3,850.5,122.8,54.3,331,3.7,546.2,338.5,115,13.8, -   ,60.7,35,143.5,2.7,13.8,9.3,5,146.7,24.3,101,24.7,150,13,13,27,1,69,48.2,,26,130133,69330,60803,15272,4788,37
85917,Nationwide Children's Hospital,No,Columbus,OH,4HRI,117500000,16800000,48318382,835000,818215, -   ,835000,53655, -   ,615661,7,67, -   ,39, -   ,2,35,7,5,77, -   ,9, -   ,8,1, -   ,3,1, -   , -   ,1,1,1,11,2,4,3,9,4,3,43,1,48,47.4,30,32.5,849067,435086,413981,101129,40238,
85951,Colorado School of Mines,No,Golden,CO,5U,63900000,24500000,39400000,121217,   ,   ,   ,   ,   ,   ,7.5,32.5, -   ,25.2, -   ,1,34,10.6,4.8,36.2, -   ,19.6,3.5,6.2,1,2.8,1.4,5.2,27.5,0.3,1,1.3,5.2,15.6,3.8,5.2,2.4,11.4,   ,   ,44,1,56,14.6,,37.8,113117,58251,54866,11361,6512,42
86076,University of Virginia Patent Foundation,Yes,Charlottesville,VA,5U,373218000,17404000,203401000,2417134,1828038, -   ,884779,24571,1532355,1142951,31,154,31.8,174.2,40.2,4.7,404.5,40.4,17,158.8,1.2,196.2,133.5,45.8,4.8, -   ,28.8,8.2,102.2,1.2,6,5.2,2.7,83,25.7,18,10.3,54,5,9,37,1,57,24.8,38,,,,,,,
89406,Boise State University,No,Boise,ID,5U,31341544,247425,18295799,21475,114126, -   ,20573, -   ,902, -   ,4.8,12.5,6.3,11.2,0.2,1.2,27.2,0.7,0.8,19.5, -   ,13.7,1,19.3, -   , -   ,18.5,0.7,5, -   ,0.2,0.2, -   ,4.3,10.3,9,0.7,20,1, -   ,45,1,99,23.8,44,34.9,218280,108181,110099,13409,16004,38
92609,Vanderbilt University,Yes,Nashville,TN,5U,614917042,35240162,401737625,7966115,2384371,1850793,3465064,81155,2650258,1086276,38.3,200.5,2.5,100.7, -   ,4.2,446,26.8,12,172,2,169.8,49,65.3,2.5,8.8,53.3,7,98.2,1.8,4.2,3,1.5,64.3,16,50.3,6,72.3,11.5,12.5,42,1,72,57.7,74,34.1,654596,340365,314231,88193,27942,29
92614,California Institute of Technology,No,Pasadena,CA,5U,359532397,15980373,343522024,19069771,6224584,2171116,14502275,216126,2396380,2240954,156,642.5,138.5,564.5,0.2,,166.2,37,18.8,376.2,1.3,91.7,39.8,33.5,23.8,1.2,14.7,17.8,425.8,1,9.8,7.7,9.3,256.7,13.7,27.8,9.8,51.3,6,14,73,3,70,26.5,51,37.6,142246,74534,67712,40779,4618,69
92615,Tufts University,Yes,Medford,MA,5U,171055998,8786008,129199539,3540106,3956680, -   ,318203,1275,3221903,1885798,24.5,93.7,0.8,36, -   ,1,78.7,20.2,4.2,68.7,1.2,42,16,8.5,1.5, -   ,4.3,3,35.2,1.7,3.3,2.2,1,39.7,3.3,4.8,3.3,11.5,6,1,35,3,59,25.1,48,31,80334,39306,41028,22292,2103,68
92617,Memorial Sloan Kettering Cancer Center,No,New York,NY,4HRI,589266476,56021602,144355831,201905202,6210975,28122980,17269083,261835,156513139,919531,19.7,137.3,0.3,61, -   ,,375.3,12.3,9,108.3,8.7,150.7,86.3,44,3, -   ,35,0.7,60.7,1.3,2, -   ,2,46.7,19.7,22.3,2.7,44.7,7,11,45,3,69,28.3,89,36,8550405,4468707,4081698,3212500,156961,100
92620,Georgetown University,Yes,Washington,DC,5U,130213594,6975913,97411935,6817911,1190636, -   ,248933,21605,6568978,232687,13.3,62,14.2,51.7,6.7,0.5,111.2,6.5,2.8,51.7,1.8,29.7,13.7,6.3,0.3, -   ,3.5,2.7,30.8,0.5,1.5, -   ,0.5,10,1.7,5.2,2.2,9,5,4,41,3,92,58,100,33.8,672228,352523,319705,95117,25963,98
92621,Georgia Institute of Technology,No,Atlanta,GA,5U,715700000,193800000,521900000,1685817,3152668,134770,921330,9084,629717,510564,80.5,394.5,22.3,240.5,14.3,3.8,433,90.2,22.5,351,0.5,63.8,33.3,51.5,2.3, -   ,29,14,203.8,3.5,9.7,7.8,2,96.3,33.7,14.8,17,65.5,6,4,40,3,42,60.5,44,33.8,463875,239915,223960,32016,18572,
92629,Clemson University,No,Clemson,SC,5U,73307908,6069562,58457288,394206,378429, -   ,192875,5335,201331,103914,17.5,58.8,1.7,29.5,0.2,4,60.8,16.8,3.2,104,0.2,44.7,8,6.3,0.3, -   ,3.2,3.3,27.7,1.7,3.2,2.7,0.2,13,4,1.8,3.8,9.7,3.5,4.5,35,1,57,24,,,,,,,,
92633,Columbia University,Yes,New York,NY,5U,729001367,   ,603220628,195170398,12498378,13961670,1788152,66070967,179420576,2943681,91,370.2,,227.3,,,,80.7,20.3,350.2,7.3,195.8,116.7,72.8,10.3,,52.5,15.8,,7.3,16.8,6.7,7.3,138.7,32.4,39.2,16.5,88.7,14,28,45,3,69,28.3,89,36,8550405,4468707,4081698,3212500,156961,100
92651,University of Miami,Yes,Coral Gables,FL,5U,309080000,23603000,224509000,6719027,807855, -   ,4154585,1006566,2564442,745395,9.2,57.2,26.2,59.8,10.3,0.6,69.5,15.8,8.3,83.5,0.8,40.6,24.5,11.8,3, -   ,3.5,4.3,23.3,0.2,3.8,3.3,5.6,20.5,1.5,8.8,7,16.2,3,1,31,3,56,17.4,38,43,237082,125552,111530,170148,1844,67
92669,Brown University,Yes,Providence,RI,5U,152110321,3066012,149044309,1331687,1093365, -   ,267050, -   ,1064637,472862,11.8,70.3,25.3,73.5,4.8,1,53.3,2.3,2.3,58,0.5,14.8,8,7.3,0.5, -   ,5,2,40.5, -   ,1.3,1,0.3,6,0.8,7,1.5,9.3,4,4,37,1,61,51.3,47,29.9,179204,90114,89090,53532,4933,76
92675,University of Iowa Research Foundation,Yes,Iowa City,IA,5U,421686010,21314498,249609608,1499681,2386003, -   ,1078050,23908,421631,1181634,27.8,79.5,1,38.5, -   ,2.4,168.3,41.8,8,103.7,1.5,66.3,36,18.8,2,84.3,10.8,9,37.5,0.5,5.5,5.2,1.2,49.3,8.5,10,9.3,27.8,5,6,41,1,66,30,,25.5,74227,37138,37089,9202,2047,94
92679,University of Kansas,Yes,Lawrence,KS,5U,238737340,14227473,179544774,9832208,792879, -   ,461567,6299,9370641,173086,21,86.3,4.3,50.2,4.8,1,84.2,24,5,75.3,0.8,35.7,20.5,17.5,1.5,0.8,12.5,1.7,41,0.5,2,1.8,2,16.3,9.5,7.7,2,19.2,5,4,44,1,61,35,35,27.4,93916,48324,45592,8701,2986,41
92718,University of Vermont,Yes,Burlington,VT,5U,   ,   ,   ,630000,417000, -   ,157000,19000,473000,99000,10,30,3.3,20,2.7,1,54.8,14.8,3.5,38.8, -   ,17,10.7,6.3,1.5, -   ,2.8,0.5,13.5, -   ,2.5,1.5,5.5,7,1.7,2.5,2.7,6.8,1.5,1.5,32,1,81,33.7,39,,,,,,,59
92729,Augusta University,Yes,Augusta,GA,5U,67736000,   ,   ,416712,394537,319065,49000,9988,48647,203971,9,31,10,33,1,,51,6,2,47, -   ,28,16,8, -   , -   ,6,2,16,1, -   , -   , -   ,7,7,1,2,10,3,2,31,1,33,74.3,,,,,,,,66
92730,University of Toledo,Yes,Toledo,OH,5U,52354000,3453000,27085000,951945,602921, -   ,271750, -   ,680195,404684,12.3,55.2,1.7,23.3, -   ,2.4,128.3,16.8,4.8,66.5, -   ,53.7,31.7,9.8,0.5, -   ,5,5.3,21.7,1.7,2.2,1.5,0.2,20.7,4.5,7.7,3,15.2,2.8,2.3,43,1,46,61.1,,36.1,279778,144323,135455,9257,15286,46
92737,Brigham Young University,No,Provo,UT,5U,32177342,   ,24249512,2644411,1050884,540000,953620,37000,1150791,569205,15.8,107.6,13.6,91.2,11,11.3,248.2,47.2,22.4,100.8, -   ,109.6,138.8,25.6,7.8, -   ,3.2,5.4,65.6,2.2,7.4,7.3,5.2,41.8,3,16.8,11.2,31,3,2,42,1,63,25.5,33,23.6,115258,59027,56231,10925,2177,45
92748,Childrens Hospital Los Angeles,No,Los Angeles,CA,4HRI,32012342,2991544,29020798,689999,176816, -   ,283494, -   ,406505,47408, -   ,19, -   ,9, -   , -   ,57,3,2,21, -   ,24,9,6,1, -   ,4,1,9, -   ,2,2,2,6, -   ,5,2,7,1,2,73,3,59,30.5,53,35,3971896,2012898,1958998,1485425,85417,96
92788,Oklahoma State University,Yes,Stillwater,OK,5U,140642907,10377180,38922592,2671401,484354, -   ,90404,60646,2580997,236445,7.7,33.3,0.8,17.3, -   ,2.8,73.3,13.3,6.5,47.5, -   ,39,32.7,7.5, -   ,3.8,1,1.5,16.5,0.7,2,2, -   ,9.2,1.2,5.2,2.7,9,5,2,45,1,61,28.7,,,,,,,,35
92804,Drexel University,Yes,Philadelphia,PA,5U,100995000,5440000,78741000,198741,1700939, -   ,198402, -   ,339,441844,31.8,99,10,70,2.3,1,74.7,27.7,8.2,117.5, -   ,10,2,11,2.2, -   ,2.8,11.2,57.7,1.3,4,2.3,2.5,38.5,3.8,12.5,5.8,22.2,5,2,42,3,67,57.6,67,34.1,1567442,826172,741270,205339,61995,
94012,Johns Hopkins University Applied Physics Laboratory,No,Laurel,MD,5U,1229870641,5318232,1224552409,491138,436000, -   ,175579, -   ,315559, -   ,20.5,100.5,6.3,60.3,0.2,0.7,148.7,14.3,1.2,227.8, -   ,16.8,7.5,19.7,1, -   ,18.5,7.8,53.8,0.5,2.3,1.7,0.2,30.3,14.7,10.5,2.3,27.5,5.5,2.5,42,1,40,42.2,32,33.8,82463,41862,40601,30908,1562,53
94410,University of Arkansas for Medical Sciences,Yes,Little Rock,AR,5U,48101139,4870843,43230296,2379559,509780, -   ,194118,90600,2185441,106282,11,22.6,3.4,19,0.6,1.3,47,19.8,4.6,31.2,0.2,23.4,15,5.2,2.6,16.5,0.6,1.2,15,0.6,3,2.6,2.6,8.8,1,2.4,3,6.4,2,2.5,48,1,32,59.1,19,36.6,197986,100989,96997,16640,12343,53
94788,Mount Sinai School of Medicine of NYU,Yes,New York,NY,5U,420748062,38871086,328242485,57894965,2962456, -   ,15567707,8907348,42327258,1455635,14.5,84.8,3.4,48.2,11,3.4,133.5,9.2,9,90.8,5,78,47.3,29.5,1.2, -   ,20.5,6.5,34.8,2.2,2.3,0.8,0.7,30.7,16.5,17.3,2.2,36,10,19.8,45,3,69,28.3,89,36,8550405,4468707,4081698,3212500,156961,100
95008,Ball State University,No,Muncie,IN,5U,9209000,443000,1971000, -   ,33213, -   , -   , -   , -   , -   ,0.3,2.3,0.7,2, -   , -   , -   , -   , -   ,13.7, -   , -   , -   , -   , -   , -   , -   , -   ,1.3, -   , -   , -   , -   , -   , -   , -   , -   , -   , -   ,0.5,41,1,53,53.6,,27.4,69701,37255,32446,1062,2968,38
95014,Boston University/Boston Medical Center,Yes,Boston,MA,5U,419994444,35389539,353223154,1185353,1695353, -   ,508157,65831,677196,956440,18.2,82.2,3.7,63.7,17.5,2.4,137.3,33,4.5,74,0.2,40.8,26.6,6,2.8,0.3,1.5,3,39.2,1.5,3,2,2.6,17,2.2,2.4,4.7,9,8,3,35,3,69,42.4,72,31.8,669469,347320,322149,190123,18350,
95021,Sanford-Burnham Medical Research Institute,No,San Diego,CA,4HRI,91206607,5276065,77336404,3138751,664613, -   ,2367736,1000,771015,567037,22.3,71.7,0.3,33.3,0.7,1.5,68,9.5,2.3,45,0.3,62.3,44.7,5.3,0.7,1,3,0.7,32.3,1.5,0.7,0.5, -   ,3,2.3,2.7,1,6,5.4,3.3,60,1,43,26.9,37,34.5,1394907,701081,693826,373842,92489,99
95034,Children's Hospital Boston,Yes,Boston,MA,4HRI,290177900,15085731,170307443,9231700,3782177,1580278,2270292,1554426,5381130,1681275,29.5,116.2,1,43.7,0.2,2,327.5,17.8,8.8,145.5,1.5,103.3,62.8,28.5,2.5, -   ,19.7,3.8,42.5,1.2,2.2,2,1.2,38.8,12.5,15.3,4.5,32.3,6,8,35,3,69,42.4,72,31.8,669469,347320,322149,190123,18350,
95036,Children's Hospital Oakland Research Institution,No,Oakland,CA,4HRI,53382896,4164679,34882884,220647,683699, -   ,173987, -   ,46660,310312,8.3,13.7, -   ,5, -   ,0.3,33,1.3,0.7,11.7, -   ,14.3,1.3,4.3, -   , -   ,3.7,0.7,5, -   , -   , -   , -   ,3.7,3.3,1.3,0.3,5,1, -   ,75,3,65,77.9,57,35.7,419278,215451,203827,113896,12159,
95038,City of Hope National Medical Center & Beckman Research  Institution,No,Los Angeles,CA,4HRI,   ,   ,   ,249371883,1200000, -   ,2988734,   ,246383149,   ,13,40.5,6.3,25.3,1.5,,48,4,2.8,49,2.3,35.3,1,7.8,0.8,3,5, -   ,17.5, -   ,1,1,1,,2.5,4.3,1,7.8,5,1,73,3,59,30.5,53,35,3971896,2012898,1958998,1485425,85417,96
95049,Creighton University,Yes,Omaha,NE,5U,18886000,9577935,9308065,57202,   , -   ,55384, -   ,1818,   ,4,10,3,9.5, -   ,,14,3,1,8, -   ,5.5,1.5,1.5, -   , -   ,0.5, -   ,6.5, -   ,1,1, -   ,1.5,0.5,0.5,0.5,1.5,1,1,42,1,42,42.6,24,34.2,443887,225098,218789,48263,24503,
95063,Fox Chase Cancer Center,No,Philadelphia,PA,4HRI,80567585,6970363,38584086,1227860,320551, -   ,732786,3025,495074,50596,3.5,31.5, -   ,20,1,,171,1,0.5,45.5, -   ,54,43,23.5, -   , -   ,23,0.5,19, -   , -   , -   , -   ,9.5,5.5,18.5, -   ,24,2,2,42,3,67,57.6,67,34.1,1567442,826172,741270,205339,61995,
95073,Hospital for Special Surgery,No,New York,NY,4HRI,39006000,12200000,9002000,2642600,230000, -   ,480600, -   ,2162000,78000,4.7,15.3,7,12.3,1.3,1.5,6.3,1.3,1.5,27.3,1.7,9,6.7,9,2.3,0.7,8,1,7.7, -   ,1,1,1,7.5,5,3.3,1.7,10,3,4,45,3,69,28.3,89,36,8550405,4468707,4081698,3212500,156961,100
95081,Illinois State University,No,Normal,IL,5U,18726511, -   ,15038346, -   ,16000, -   , -   , -   , -   , -   ,1,1, -   ,1, -   , -   , -   , -   , -   ,2, -   , -   , -   ,0.5, -   , -   ,0.5, -   ,1, -   , -   , -   , -   ,0.5,0.5, -   , -   ,0.5, -   ,0.5,43,1,51,20.2,35,35.1,78295,40323,37972,7287,3888,40
95082,Indiana University Research & Technology Corp.(IURTC),Yes,Bloomington,IN,5U,510635411,38747723,228370052,6847143,4209369, -   ,4058709,17686,2788434,2728880,21.2,203.5,1.5,107, -   ,3.8,259.8,33,14.5,199.3,2.2,94.8,61.2,26,5.7,,11.5,7.3,105.5,1,9.2,7.7,4.2,54.7,10.5,13.7,9.2,33.3,9.3,6.5,42,1,58,34.7,31,23.5,83815,43227,40588,10033,2368,43
95090,Kent State University,No,Kent,OH,5U,   ,   ,   ,   ,   ,   ,   ,   ,   ,   ,9,23,10.5,18.5,1.5,1,34,5.5,2,16.5, -   ,8,4,3, -   , -   ,1,2.5,6.5,0.5,1, -   , -   ,5.5,1.5,2.5,1.5,5.5,1,0.5,43,1,48,34.1,,38.1,197553,100667,96886,10024,12878,41
95091,Lehigh University,No,Bethlehem,PA,5U,38735943,4230797,26264476,72394,126421, -   ,11000, -   ,61394, -   ,6,29.8,0.3,16.7, -   , -   ,8, -   ,0.8,21.7, -   ,4.5,3.3,0.8, -   ,2.5, -   ,0.7,16.3, -   ,0.3,0.3, -   ,1.3,0.3, -   ,1,1.3,1,1,40,3,45,27.5,33,35.1,74367,38506,35861,6295,4704,59
95100,Georgia Regents University,Yes,Augusta,GA,5U,55674000, -   , -   ,160813,439759, -   ,111575,900,49238,214652,6.3,31.5,8.8,32.8,7.3,5,33.8,5.5,3.8,36, -   ,21.3,17,6.5,0.3,0.7,2.8,0.3,16.8,0.5,1.3,1.5,0.3,6.8,3.5,1.5,1.8,6.8,3,2,34,1.7,36,69.7,44,33.8,463875,239915,223960,32016,18572,66
95103,Zucker Institute for Innovation Commercialization,Yes,Charleston,SC,5U,247767701,94550154,146447589,641248,420546, -   ,100350, -   ,540898,164272,9.5,40.7,0.8,18.8, -   ,8,38.7,20.7,4,98,0.2,11.2,6.8,6.7,0.5,1,2.7,3.3,18,1.3,3.8,3.7,0.5,17.2,2.8,2,5.2,10,3,6,34,1,50,43.2,24,35,135524,71568,63956,5767,9368,40
95105,Miami University,No,Oxford,OH,5U,16108000,534000,10008000,454,4790, -   , -   , -   ,454, -   ,0.8,3.2,0.3,1,0.3, -   ,2,0.8, -   ,6.8,0.2,1.8,1.4, -   , -   ,0.2, -   ,0.2,0.5, -   ,0.2,0.2, -   ,0.2, -   , -   ,0.2,0.2,0.5, -   ,44,1,53,14.1,18,32.7,298537,154883,143654,16896,13699,44
95113,National Jewish Health,No,Denver,CO,4HRI,50809180,4495069,38902187,185195,223016, -   ,107500,2500,77695,13486,6.5,24.2,0.3,10.2,0.2, -   ,118.3,6.7,1.3,22.7, -   ,49.7,39.3,8.3,0.5,0.2,7,0.3,9.5, -   ,1,0.5,0.3,5,2.5,4.7,1.5,8.7,2,1,44,1,72,54.5,45,34.1,682545,341408,341137,113222,29363,
95115,Tufts Medical Center,No,Boston,MA,4HRI,74697000,8375000,33015248,996643,278157, -   ,460876,319738,535767,133196,4.3,22, -   ,8.7, -   ,1,27.8,6.8,1,25.3, -   ,12.3,4,2.5,0.2, -   ,1.5,2.3,8.7,0.5,0.8,0.8,0.2,4.7,1,2.7,1.2,4.8,1,1,35,3,69,42.4,72,31.8,669469,347320,322149,190123,18350,
95116,New Jersey Institution of Technology,No,Newark,NJ,5U,110547846,1687006,55094035,77912,252448, -   ,75998, -   ,1914, -   ,23.5,50.8,4,35.5,3, -   ,188,2.7,8.2,64.2, -   ,46,9,7.2,0.3, -   ,0.2,21.3,28.5,0.7,1.7,1.3,0.7,24,18.5,5,5,28.5,3,   ,46,3,51,69.2,65,34.6,281913,143873,138040,86253,5829,76
95118,New Mexico State University,No,Las Cruces,NM,5U,106274698,5787558,79264292,5000,141367, -   ,5000, -   , -   , -   ,3.6,9.2,3.7,5.8, -   ,1.7,14.6,1.3,2.6,9.6, -   ,2.8,1.3,3,0.3,27.3,0.4, -   ,3.7, -   ,2,1.2,0.8,2.8,0.5,0.8,1.8,3,1,0.5,37,1,46,48.2,,32.7,101644,53809,47835,11888,9421,34
95119,New York Blood Center,No,New York,NY,4HRI,10000000,100000,9900000,406000,   , -   ,30000, -   ,376000,   ,2.3,6.7, -   ,8, -   ,2,13, -   , -   ,7.7,0.7,13,12.7,1.7, -   , -   ,1.7, -   ,6.7, -   , -   , -   , -   ,3,0.7,1, -   ,1.7,1,1,45,3,69,28.3,89,36,8550405,4468707,4081698,3212500,156961,100
95124,North Dakota State University,No,Fargo,ND,5U,153542000,1761000,35482000,2514564,408548, -   ,485434,4806,2029130,171865,11.5,38.7,9.2,29.2,4.2,7,516.7,5.3,9,52.2, -   ,262.5,235,68.5,0.5, -   ,59.5,6.5,14.7, -   ,1.2,0.8,0.5,43.5,7.8,66,1.2,75,2,1,35,1,49,24.9,24,30.7,119250,58690,60560,9428,6154,45
95142,Rensselaer Polytechnic Institution,No,Troy,NY,5U,77935000,4726000,73209000,1170957,1120039, -   ,1031739,29430,139218,795467,16.7,64.7,3.7,50.7, -   , -   ,73.3,14.7,2.7,69.7, -   ,30,8.7,6,1, -   ,3.3,1.3,47,2,2.3,2.3,1,11.3,2.3,2.3,2.7,7.3,5,3,33,1,42,21.8,41,32.8,98452,50825,47627,11948,3643,52
95144,Research Corporation Technologies,No,Tucson,AZ,2PMF, -   , -   , -   ,51650000,349000, -   ,2850000,27700000,48800000,34700,2.5,3.8,1.8,6.5,2.7,1,68.8, -   , -   , -   ,3.8,100.7,26.8,6.3, -   ,1.3,6.3, -   ,2, -   , -   , -   , -   , -   ,6.3,1.3, -   ,6.3,6,7,49,1,66,54.5,35,33.6,531674,266781,264893,82220,38182,
95148,Rochester Institution of Technology,No,Rochester,NY,5U,40442000,2388000,20147000,275000,200000, -   ,25000, -   ,250000,20000,7,13.5,3.3,12.8,2.8,3.8,5.7,2.8,2,17.5, -   ,9.3,6.3,2.7, -   ,8.7,0.7,2.5,9.3,0.5,0.8,0.3,0.3,2.7,2.3,2,1,4.5,1,0.2,40,1,60,63,41,31.4,209808,109673,100135,17735,7288,61
95149,Rockefeller University,No,New York,NY,5U,150000000,4900000,72000000,29900000,2106000,5944000,11725000,136000,12231000,1836000,21,44.7, -   ,18.7, -   ,1.5,288,22.3,2.3,51,3.3,165.3,92.3,34.3,1, -   ,32,2.7,18.7,0.7,1.3,0.7,0.7,29,27,7.7,2.3,37,3.5,3,45,3,69,28.3,89,36,8550405,4468707,4081698,3212500,156961,100
95150,Rutgers The State University of  NJ,Yes,New Brunswick,NJ,5U,658123000,23739000,338501000,15381315,2619088,337981,3670527,729875,11372807,691447,49.7,203.3,26.7,138,7.2,5.7,718.3,57.7,11.8,160.3,1.3,469.7,431.7,61.2,4.3,5,49.3,5,102.8,1.2,5.2,3.3,4,123.3,6.8,51.7,7.7,66.2,11.9,9.9,46,3,60,45.5,35,39.7,66303,33598,32705,21899,2225,73
95156,The Scripps Research Institution,No,San Diego,CA,4HRI,400767000,40096000,298658000,3191588,   ,834340,2230961,149297,126287,   ,30,105,11,73, -   ,,426,23,5,96,1,68,52,17,1, -   ,12,2,62, -   ,4,2,4,64,6,12,1,19,2.3,2.3,60,1,43,26.9,37,34.5,1394907,701081,693826,373842,92489,99
95160,Memorial Sloan-Kettering Cancer Center,No,New York,NY,4HRI,471059000,23960000,144498000,143200090,2600000, -   ,833360,   ,142366730,445405,15.7,60.3, -   ,28.7, -   ,0.5,315,12.7,4.3,82.7,3.7,111,65,32.7,2.7,1.5,28.3,2.3,28.7, -   ,2.7,1.7,2.3,35,13.3,18,3.7,35,8,7,45,3,69,28.3,89,36,8550405,4468707,4081698,3212500,156961,100
95161,Southern Illinois University,Yes,Carbondale,IL,5U,   ,   ,   ,831819,   , -   ,155842, -   ,675977,   ,5,14,2.7,10.5, -   ,1,21.3,6.7,1.8,19.8, -   ,16.3,8,2.5,0.5,0.3,0.8,1.3,6,1,1.7,1, -   ,4.3,0.3,1.5,2.3,3.8,2,1,42,1,49,53.2,,,,,,,,42
95166,Stevens Institution of Technology,No,Hoboken,NJ,5U,30391554,2690308,21227587,113000,265128, -   ,108000, -   ,5000, -   ,7.5,19.3,0.8,19.5,0.3, -   ,8,5,2.5,50.5, -   ,2,1.8,2.5,1,3.8, -   ,3.5,18.5,3.3,5.8,5.5,2.5,7,1.5,2.8,1.8,6,2,2,47,3,78,24.5,74,35.4,69149,33773,35376,40553,705,97
95180,University of Akron,No,Akron,OH,5U,58512485,5283969,14676069,233000,1798074, -   ,233000, -   , -   ,32592,18.2,95.8,0.2,53.5, -   ,0.4,46,22,4,68.8, -   ,6.2,0.5,5.2,2.2,26,1.2,0.7,53.3,2.2,3,2.8,2,9,1.5,1.5,2.8,5.8,1.6,3,43,1,43,48.7,30,38.1,197553,100667,96886,10024,12878,48
95190,University of Chicago/UCTech,Yes,Chicago,IL,5U,356831624,7249983,293873037,6053552,2190933,300950,1021104,323356,4731498,1625429,18,79,0.3,42, -   ,2.8,268.7,26.8,8.3,93.5,1.3,99,73.7,21.8,2.7,24,13.5,2,41.7,0.6,3.5,1.5,2.2,38.7,10.5,9.3,4,23.8,10,11,45,3,72,50.9,65,34.2,2720556,1400541,1320015,573463,72042,77
95194,University of Dayton,No,Dayton,OH,5U,96723396,6269118,79062110,15500,260160,   ,   ,   ,   ,   ,8.2,10.4,4.7,12.3,1.5,0.6,66.4,0.8,1.2,14, -   ,6.2,4.7,2.3, -   , -   ,1.2,0.3,5.8,0.2, -   , -   , -   ,3.5,0.2,2.2,0.3,2.7,2, -   ,42,1,47,67.4,,32.8,140597,73966,66631,7381,8465,45
95196,University of Denver,No,Denver,CO,5U,22066000,   ,   ,127725,99029,   ,   ,   ,   ,   ,1,,,,,,,,,6,,,,,,,,,,,,,,,,,,,1,   ,44,1,72,54.5,45,34.1,682545,341408,341137,113222,29363,
95202,University of Illinois Chicago Urbana,Yes,Urbana-Champaign,IL,5U,994377000,52069000,534188000,31578587,4887562,1411542,1278735,10224,28888310,2085595,101.2,404.2,7.5,156.2,0.7,10.8,367.7,85.5,27.2,357.5,2.3,246.5,122,61.5,8.5,81.3,34.3,25.3,148,5.7,13,9,7.2,160,16,55,15.7,86.8,12,16.9,43,1,71,41,49,,,,,,,52
95208,University of Maine,No,Orono,ME,5U,79500000,2700000,35369000,369982,   ,   ,   ,117069,   ,   ,16,,,15,,,,,,19,,,,5,,,,11,,,1,,,,,,,16,1.5,1,27,1,41,15.8,,,,,,,,
95213,University of Massachusetts,Yes,Amherst,MA,5U,628798000,23564000,355483000,32302364,3255006, -   ,2496156,2313,29806208,1733315,55,138.7,11.5,82.7,10.3,2.8,254.2,18.5,13,172.3,3.2,169.8,75.2,27.2,4,0.3,14.2,9.8,60.8,1.2,3.3,2.3,1.2,47.3,17.3,12.7,7,37,11.4,8.3,34,3,55,17.2,,,,,,,,85
95220,University of Mississippi,No,Oxford,MS,5U,53488000,6994000,27234000,459865,254100, -   ,352552,187680,107313,109545,3.7,9.2,2.7,7,1.2,0.5,18.3,14.7,2.2,9, -   ,11.2,7.2,2.8, -   , -   ,0.7,1.5,3.2,1.3,1.4,1,0.3,3.8, -   ,1.5,2.8,4.3,2,1,37,1,37,25.5,,,,,,,,22
95222,University of Montana,No,Missoula,MT,5U,63857146,5361244,54276880,34155,2595, -   ,23355, -   ,10800,21927,3,10,5,10, -   , -   ,24,5,2,10, -   ,9,4,5, -   , -   ,3, -   ,5, -   , -   , -   ,2,1, -   ,5, -   ,5,0.5,1,40,1,60,42.8,34,34.7,71024,36022,35002,2771,4733,45
95228,University of New Mexico/Sci. & Tech. Corp.,Yes,Albuquerque,NM,5U,232271023,3728721,154793700,1502967,1610122,644815,746329, -   ,111823,686256,38.2,222.7,1,100.8, -   ,2,84.7,33,9.7,123,0.5,65,15,15.3,1.5,1.5,5.7,32,99.8,2.5,7.3,5.3,0.8,88.2,3.7,16.2,27.5,47.3,4,8,38,1,61,72.2,29,36,559131,285808,273323,58200,37443,43
95232,University of North Dakota,Yes,Grand Forks,ND,5U,90930023,12648225,51890787,160219,275000, -   ,160219, -   , -   ,1156,5.3,10,7.7,15.3,2.3,0.5,7,0.5,0.5,28, -   ,6.7,4.7,1.3, -   , -   ,1.5, -   ,5.3, -   ,0.3, -   , -   ,2, -   ,1.5,0.5,1.3,1,2,36,1,62,24.5,,,,,,,,47
95260,University of Washington/Wash. Research Foundation,Yes,Seattle,WA,5U,1213000000,59400000,998700000,42840261,5012481,1249818,12595031,204391,28995412,2968134,76.2,413.7,3.2,176.3,1.3,26,1276.2,132.5,23.5,396,6,563.8,197.3,235.2,13.2,78.2,211.7,8.3,171.8,4.5,12.5,10.5,10.8,494.2,114.5,109.5,19.5,243.5,13.7,43.3,40,1,71,48,60,35.5,684443,338784,345659,119840,29364,
95263,University of Wisconsin at Milwaukee,No,Milwaukee,WI,5U,62081835,1886554,25801674,29579,110107, -   ,25500,825,4079,50691,5.3,21.3,8.8,24.5,4,0.7,20.8,6,3.3,46.5,1,9.3,7.8,6.8,1.3, -   ,2.3,3,11.5, -   ,1.8,1.5,1.5,9,2.7,2.8,2.8,9.8,3, -   ,42,1,58,63.5,49,31.6,600154,313839,286315,58321,20615,
95274,Washington State University Research Foundation,No,Pullman,WA,5U,195574787,10173981,125417122,985785,784449, -   ,313862,52941,671923,162017,13.2,77.8,16.6,73.4,8.8,0.5,177.6,11,12.4,70.6, -   ,30,45.4,28.6,2.2,0.5,16.2,11.8,47.4,0.4,4.2,2.8,2,25.2,8,28,4.4,40.4,4,6.8,38,1,39,24.2,,,,,,,,42
95279,Wistar Institute,No,Philadelphia,PA,4HRI,58947000,1647000,30704000,49256000,166000, -   ,807000, -   ,48449000,52000,3.3,16.7,0.2,8.7, -   , -   ,145.5,0.5,0.8,11,2.8,94.2,75.7,11.5,0.2,0.2,10.7,0.8,8.5, -   ,0.2,0.2,0.2,4.3,4.7,7,0.7,12.3,3,2,42,3,67,57.6,67,34.1,1567442,826172,741270,205339,61995,
96010,Eastern Virginia Medical School,Yes,Norfolk,VA,5U,41541000,1528000,28728000,65003,640532, -   ,65003, -   , -   ,379161,1.8,13,3.5,15.3,5.3,1,22.8,4.3,1,10.5, -   ,4.3,1,3.5,0.8, -   ,2.5, -   ,6.5,0.3,1.3,0.3,0.8,2,2,0.3,1.3,3.5,1,1,38,1,47,63.6,36,30.2,246393,117476,128917,16702,29445,46
96017,Loyola University of Chicago,Yes,Chicago,IL,5U,48664759,2893342,28199703,1917586,119395, -   , -   , -   ,1917586,33280,1.5,6.8,1.5,7.7,0.5, -   ,2.8, -   ,0.5,8.2,1,3.5,3,0.5, -   , -   , -   , -   ,5.8, -   , -   , -   , -   ,0.5,0.2,0.2,0.2,0.5, -   ,0.4,45,3,72,50.9,65,34.2,2720556,1400541,1320015,573463,72042,77
96020,Old Dominion University,No,Norfolk,VA,5U,46000000,2000000,39900000,18500,492313, -   ,18500, -   , -   ,51156,12,42,12,42,14,2,5,1,5,20, -   ,3, -   ,5,3, -   , -   ,1,16,2,2,1,2,15, -   ,4,2,6,2, -   ,38,1,47,63.6,36,30.2,246393,117476,128917,16702,29445,46
96031,University of North Carolina at Greensboro,No,Greensboro,NC,5U,31276828,183708,25349675,84517,75156, -   , -   , -   ,84517,1702,1,9.7,1.8,7.7,0.8,1.4,19.3,6.7,3.8,18.8, -   ,6.8,5.5,4.7,0.2, -   ,0.8,0.7,5,2,1,1,0.5,5.7,1.7,2.2,1.5,5.3,2,1,38,1,32,58.6,,35.5,285344,153093,132251,26667,14011,29
96044,Blood Center of Wisconsin,No,Milwaukee,WI,4HRI,7700000,770000,6000000,672192,   ,   ,   ,   ,   ,   ,,3,3,7, -   ,1.5,22,1,1,6, -   ,22,17.5,2.5, -   , -   ,1.5, -   ,5, -   , -   , -   , -   ,2.5,1.5,0.5, -   ,2.5, -   ,1.2,42,1,58,63.5,49,31.6,600154,313839,286315,58321,20615,
96045,The Catholic University of America,No,Washington,DC,5U,20795740,60000,18750242,119958,138568, -   , -   , -   ,119958, -   ,2,2,0.7,2, -   ,,5.3, -   , -   ,2, -   ,1,1, -   , -   , -   , -   ,0.3,1.3, -   , -   , -   , -   ,3, -   , -   ,0.5,0.3,0.2, -   ,41,3,92,58,100,33.8,672228,352523,319705,95117,25963,98
97017,Boyce Thompson Institution for Plant Research,No,Ithaca,NY,4HRI,11870000,353466,6728000,59515,99601, -   ,59515, -   , -   ,15032,0.7,6.3,2,14.3,11,0.5,6.3, -   ,1.3,6.3, -   ,4.3,3,3.7, -   , -   ,2.3,0.3,3.3, -   , -   , -   , -   ,3,4, -   , -   ,4,1,0.5,39,1,58,25.3,,,,,,,,72
98001,WiSys Technology Foundation,No,Madison,WI,5U,12800000, -   ,8000000,141386,216533, -   ,122817, -   ,18569,64816,5,10,5,13,3,3,16,10,2.5,39.5, -   ,11,6.5,3.5, -   ,3.5,1,4,5,0.5,1,1, -   ,7.5,0.5,6,1,7.5,1,4,40,1,66,33.1,35,30.7,248956,126360,122596,30090,9707,50
99018,UW-Madison/WARF,Yes,Madison,WI,5U,1069077000,23708000,533286000,39970000,8538786, -   ,5290000,150000,34680000,1426330,154.3,245.5,66.2,132.2, -   ,66.7,546.2,65.2,10.7,379.3,5.8,295.3,246.8,49.5,1.2,217.2,38.8,14.7,66,2,6,3.2,1.3,206,18,34.3,11.8,64.2,18,43,40,1,66,33.1,35,30.7,248956,126360,122596,30090,9707,50
99020,University of West Florida,No,Pensacola,FL,5U,30666117,17,11568423,808,12175, -   , -   , -   ,808, -   , -   ,0.4,0.4,0.4, -   ,0.5,3.8, -   ,1,2, -   ,0.6,0.6,1, -   , -   , -   , -   , -   , -   , -   , -   , -   ,0.6,0.2,0.8, -   ,1,0.1,0.5,27,1,47,64.9,,,,,,,,36
100083,St. Jude Children's Research Hospital,No,Memphis,TN,4HRI,339670870,2795539,74573888,6596346,1379722, -   ,1820960,9159,4775386,341775,7.3,26.8,0.8,12.5, -   ,1,286.8, -   ,2.7,39.5,1.5,149.5,98.8,16, -   , -   ,13.3,0.7,11.7, -   , -   , -   , -   ,13.3,6.5,10.2, -   ,16.7,3,3,45,1,41,81.1,22,34.1,655760,343523,312237,43318,31189,35
100267,University of Pittsburgh,Yes,Pittsburgh,PA,5U,713892000,10182000,514541000,4555221,4492884, -   ,3186110,128706,1369111,2175879,51.7,239.2,0.5,88,0.2,8.2,284.2,,17.8,271.2,0.2,169.3,58.5,111.3,3.5,,93.5,11.7,87.3,,7.2,4.5,0.8,147.2,66.2,45.8,11,123,7,11,41,1,55,37.8,55,32.9,304385,154695,149690,28187,17728,62
109486,University of Arkansas Fayetteville,No,Fayetteville,AR,5U,133660341,11097000,34290738,1154779,804780, -   ,7500,76,1147279,636325,11.8,40.7,5.3,21,0.2,0.8,378.7,19,7.7,37, -   ,253,260,34.8,1.7,0.3,27.2,4.7,13.8,1.5,2,1.8,1.2,18.3,9.2,27.5,2.8,39.5,5,1,42,1,50,28,,27.1,82832,40873,41959,6313,4744,32
2000007,Duquesne University,No,Pittsburgh,PA,5U,16159000,574000,5004000,2500,   , -   ,2500, -   , -   ,   ,6.4,4.4, -   ,4.4, -   , -   ,1.3,2.4,1,5.2, -   ,0.2, -   ,1,0.3,1.8, -   ,0.2,4.4, -   ,1.5,1,0.3,2.4, -   , -   ,1,1,   ,   ,41,1,55,37.8,55,32.9,304385,154695,149690,28187,17728,62
2000008,Florida International University,Yes,Miami,FL,5U,84199120,2404359,69471684,62035,105034, -   ,50000, -   ,12035, -   ,1.7,12, -   ,9, -   , -   ,4, -   ,0.3,19.7, -   ,3.3,2,0.3, -   , -   , -   , -   ,9, -   , -   , -   , -   ,0.7, -   ,0.3, -   ,0.3,0.5,2.5,34,3,64,54.4,57,40.4,440989,225149,215840,260789,7233,
20000011,Keck Graduate Institution of Applied Life Sciences,No,Los Angeles,CA,4HRI,1500000,100000,1400000,100000,15000, -   , -   , -   ,100000, -   ,,2,,,,,2,1, -   ,5, -   ,3,1, -   , -   ,1, -   , -   ,,1, -   , -   , -   , -   , -   , -   , -   , -   , -   , -   ,73,3,59,30.5,53,35,3971896,2012898,1958998,1485425,85417,96
20000016,Rush University Medical Center,Yes,Chicago,IL,4HRI,82895088,17336909,57391845,5510591,346081, -   ,303064,58250,5207527,59068,5,10.7, -   ,8, -   ,1,25.3,8,1.7,24.7,0.7,8,3.7,2.3, -   ,2,0.7,0.3,8, -   , -   , -   ,0.7,2.7,2,0.3,0.3,2.7,2,1,45,3,72,50.9,65,34.2,2720556,1400541,1320015,573463,72042,77
20000253,University of South Dakota,Yes,Vermillion,SD,5U,25403032,   ,   ,27404,152880, -   ,25000, -   ,2404,39175,0.5,5.2,0.5,9.6,6.3,0.3,1.2,1.5,0.2,6.6, -   ,1.4,1.2,0.2, -   ,6.7, -   , -   ,4.3, -   ,0.8,0.8, -   ,1, -   ,0.2, -   ,0.2, -   ,1,28,1,74,25.5,,,,,,,,
20070261,University of Alabama,No,Tuscaloosa,AL,5U,58234000,2252000,28988000,79171,532019, -   ,75000,1773,4171,80686,5.8,31.5,9.8,44,17, -   ,19.8,4,2.3,40.8, -   ,3.5,2.2,3,0.6, -   ,0.7,1,17.2,0.3,1.2,1.2,0.5,4.8,0.5,1.8,1.7,4,0.3,3,35,1,37,47.4,,29.1,98338,51045,47293,4706,3647,33
20100270,The Jackson Laboratory,No,Bar Harbor,ME,4HRI,72815396, -   ,55437513,2494773,431362, -   ,2439051,32250,55722,9175,3.8,10.7,2,11.2,3.3,1.5,175.5,1,0.3,10.2, -   ,148.7,4.8,47.3, -   , -   ,47,0.2,5.3, -   ,0.2,0.3,0.7,8.3,35.7,11.3,0.5,47.5,1.3,3,26,1,55,14.2,,,,,,,,77
20100272,Boston College,No,Boston,MA,5U,42075693,1967921,31953038,41316,310273, -   ,41316, -   , -   ,114312,6,17,2.5,21,8.5, -   ,3.5,3.5,1.5,17.5, -   ,5,0.5,2,1, -   ,0.5,1,10,0.5,1, -   ,0.5,6.5,0.5,0.5,2,3,1,0.6,35,3,69,42.4,72,31.8,669469,347320,322149,190123,18350,
20100276,University of Memphis,No,Memphis,TN,5U,   ,   ,   ,22132,158806, -   ,12500, -   ,9632, -   ,3.3,14.3,6.8,17.3,4.5,1,9.7,1.5,1.7,14.5, -   ,3,1.5,2,0.3, -   ,0.3, -   ,6, -   ,0.5,0.8,0.5,2.3, -   ,1.3,0.7,2,1,1,45,1,41,81.1,22,34.1,655760,343523,312237,43318,31189,35
20100282,South Dakota State University,No,Brookings,SD,5U,58372618,1175246,28670132,2051150,104351, -   ,250000, -   ,1801150,16662,1.4,12.8,5.2,13.7,1,1,29.2,4,5.5,45.8,0.7,13.3,14.3,7, -   ,0.8,1.5,0.3,7.5, -   ,0.2,0.2, -   ,8.5,3.3,0.5,3.3,7.3,   ,   ,38,1,58,14.9,,,,,,,,39
20100285,University of Alaska,No,Fairbanks,AK,5U,105500000,5296200,75064800,25000,11335, -   ,25000, -   , -   ,20905, -   ,, -   ,3, -   ,1,1, -   ,1,24, -   ,1, -   ,1, -   ,, -   , -   ,3, -   , -   , -   , -   , -   , -   ,1, -   ,1, -   ,2,23,1,56,55,24,,,,,,,32
20100289,NUtech Ventures,No,Lincoln,NE,5U,235296167,9283642,105724032,15357651,686620, -   ,776980,8893,14580671,78035,13,50,13.5,58,8,2,104.5,21,8,111.5,0.5,55.5,39,27,2, -   ,19,6,36.5,1,5,5,2,54,5.5,18.5,9,33,7,4,41,1,59,30.3,24,32.3,277346,138802,138544,22958,14694,44
20120291,The Forsyth Institute,No,Cambridge,MA,4HRI,16960421,4353080,12607341,35000,228222, -   ,35000, -   , -   , -   ,2,11,2,10,3,,2,1, -   ,10, -   ,1, -   , -   , -   , -   , -   ,2,5, -   , -   , -   , -   ,2,1, -   ,1,2,1,1,35,3,96,31.5,70,31.5,110402,54981,55421,27757,2495,90
20120292,University of Alaska Anchorage,No,Anchorage,AK,5U,12799517,1890770,8114894, -   ,112753, -   , -   , -   , -   , -   ,2,8.5,0.8,5.8, -   ,1.7,2.3,1.8,1.3,10, -   ,1,1,1.8,1.3, -   ,0.5, -   ,5.8, -   ,0.8,1,1.7,1.3, -   ,0.5,1.3,1.8,1,1,25,1,52,64.5,22,32.2,298695,145750,152945,33258,27492,31
20120293,Hackensack University Medical Center,No,Hackensack,NJ,4HRI,9707373,6726513,1445074, -   ,107747, -   , -   , -   , -   , -   , -   ,2,0.3,2, -   , -   , -   , -   , -   ,6, -   , -   , -   , -   , -   , -   , -   , -   ,1.8, -   , -   , -   , -   , -   , -   , -   , -   , -   ,1, -   ,46,3,49,34.3,56,38.5,86341,44409,41932,27979,2603,73
20120295,Salish Kootenai College,No,Missoula,MT,5U,6000000, -   ,6000000,   ,   ,   ,   ,   ,   ,   , -   , -   , -   , -   , -   , -   , -   , -   , -   , -   , -   , -   , -   , -   , -   , -   , -   , -   , -   , -   , -   , -   , -   , -   , -   , -   , -   , -   , -   , -   ,40,1,60,42.8,34,34.7,71024,36022,35002,2771,4733,45
20140297,National Radio Astronomy Observatory,No,Charlottesville,VA,7NL,11000000, -   ,11000000, -   ,40000, -   , -   , -   , -   , -   ,2,4, -   ,2, -   ,, -   , -   , -   ,4, -   , -   , -   , -   , -   ,1, -   , -   ,2, -   , -   , -   , -   , -   , -   , -   , -   , -   ,1,0.5,37,1,57,24.8,38,,,,,,,58
20140301,University of Louisiana at Lafayette,No,Lafayette,LA,5U,77300000,14500000,15800000,56600,   ,   ,   ,   ,   ,   , -   ,8,,7,,,,,,11,,,,2.5,,,, -   ,,, -   ,,,,,,,2.5,1.5,   ,38,1,47,47.4,,31.7,127661,63643,64018,5396,5206,42
20140302,Providence Health & Services ? Oregon,No,Portland,OR,4HRI,8000000,1507000,558000,749000,28000, -   ,77000, -   ,672000, -   ,8,10, -   ,5,1,,2,7,1,9, -   ,7,2,1, -   ,3, -   ,1,4, -   ,2,1,3,1, -   , -   ,2,2,1, -   ,42,1,83,57.7,49,36.7,632187,318671,313516,86041,29940,
20140304,Lawrence Livermore National Laboratory,No,Livermore,CA,7NL,1530700000,   ,   ,9903952,   , -   ,576818,22756,9327134,   ,,,,146,, -   ,,,,125,,,,15,,,,14,,,5,,,,,,,29,   ,   ,68,3,66,20.1,,36.7,88117,46595,41522,13959,3063,41
20160308,The University of Southern Mississippi,No,Hattiesburgh,MS,5U,51840000,2862000,25005000,194599,13898, -   ,156457, -   ,38142, -   ,1,, -   ,3, -   ,2,10,2,2,4,,6,,2, -   ,, -   , -   ,3, -   , -   , -   ,,,,2,,2,1,1,37,1,48,59,,,,,,,,68
20160309,Wichita State University,No,Wichita,KS,5U,59940000,31257000,7728000,5000,96688, -   ,5000, -   , -   ,7778,2,24,10,24,3,1,8,4,2,41, -   ,1, -   ,5, -   ,5,3,3,11, -   ,2,2,1,41,1,5,2,8,3,2,43,1,44,56.2,20,34.6,389955,197601,192354,40270,23978,35
20160310,Temple University,Yes,Philadelphia,PA,5U,248133518,11382725,137065578,1262985,807582, -   ,658455,29,604530,71322,8.2,41.5, -   ,19.8, -   ,1,65.2,9,2.7,62,0.3,26.7,15.8,6.8,0.8,5.8,4.2,3.2,19.8,0.5,2.5,2.2,1.3,9.7,2.2,4.5,3.3,10,5,6,42,3,67,57.6,67,34.1,1567442,826172,741270,205339,61995,